-- MySQL dump 10.13  Distrib 9.2.0, for macos15.2 (arm64)
--
-- Host: localhost    Database: employee_management
-- ------------------------------------------------------
-- Server version	9.2.0

/*!40101 SET @OLD_CHARACTER_SET_CLIENT=@@CHARACTER_SET_CLIENT */;
/*!40101 SET @OLD_CHARACTER_SET_RESULTS=@@CHARACTER_SET_RESULTS */;
/*!40101 SET @OLD_COLLATION_CONNECTION=@@COLLATION_CONNECTION */;
/*!50503 SET NAMES utf8mb4 */;
/*!40103 SET @OLD_TIME_ZONE=@@TIME_ZONE */;
/*!40103 SET TIME_ZONE='+00:00' */;
/*!40014 SET @OLD_UNIQUE_CHECKS=@@UNIQUE_CHECKS, UNIQUE_CHECKS=0 */;
/*!40014 SET @OLD_FOREIGN_KEY_CHECKS=@@FOREIGN_KEY_CHECKS, FOREIGN_KEY_CHECKS=0 */;
/*!40101 SET @OLD_SQL_MODE=@@SQL_MODE, SQL_MODE='NO_AUTO_VALUE_ON_ZERO' */;
/*!40111 SET @OLD_SQL_NOTES=@@SQL_NOTES, SQL_NOTES=0 */;

--
-- Table structure for table `activity_logs`
--

DROP TABLE IF EXISTS `activity_logs`;
/*!40101 SET @saved_cs_client     = @@character_set_client */;
/*!50503 SET character_set_client = utf8mb4 */;
CREATE TABLE `activity_logs` (
  `id` int NOT NULL AUTO_INCREMENT,
  `user_id` int DEFAULT NULL,
  `action` varchar(100) COLLATE utf8mb4_unicode_ci NOT NULL,
  `module` varchar(50) COLLATE utf8mb4_unicode_ci NOT NULL,
  `description` text COLLATE utf8mb4_unicode_ci,
  `ip_address` varchar(45) COLLATE utf8mb4_unicode_ci DEFAULT NULL,
  `user_agent` text COLLATE utf8mb4_unicode_ci,
  `created_at` timestamp NULL DEFAULT CURRENT_TIMESTAMP,
  PRIMARY KEY (`id`),
  KEY `idx_user_id` (`user_id`),
  KEY `idx_module` (`module`),
  KEY `idx_created_at` (`created_at`),
  CONSTRAINT `activity_logs_ibfk_1` FOREIGN KEY (`user_id`) REFERENCES `users` (`id`) ON DELETE SET NULL
) ENGINE=InnoDB AUTO_INCREMENT=16 DEFAULT CHARSET=utf8mb4 COLLATE=utf8mb4_unicode_ci;
/*!40101 SET character_set_client = @saved_cs_client */;

--
-- Dumping data for table `activity_logs`
--

LOCK TABLES `activity_logs` WRITE;
/*!40000 ALTER TABLE `activity_logs` DISABLE KEYS */;
INSERT INTO `activity_logs` VALUES (1,1,'LOGIN','auth','Super Admin logged in','127.0.0.1','Mozilla/5.0','2025-12-10 11:43:53'),(2,2,'LOGIN','auth','Admin logged in','127.0.0.1','Mozilla/5.0','2025-12-10 11:43:53'),(3,1,'CREATE','employees','Created new employee: John Doe','127.0.0.1','Mozilla/5.0','2025-12-10 11:43:53'),(4,1,'CREATE','employees','Created new employee: Jane Smith','127.0.0.1','Mozilla/5.0','2025-12-10 11:43:53'),(5,2,'UPDATE','users','Updated user: manager1','127.0.0.1','Mozilla/5.0','2025-12-10 11:43:53'),(6,3,'LOGIN','auth','Manager IT logged in','192.168.1.100','Mozilla/5.0','2025-12-10 11:43:53'),(7,3,'VIEW','reports','Viewed employee report','192.168.1.100','Mozilla/5.0','2025-12-10 11:43:53'),(8,4,'LOGIN','auth','Manager HR logged in','192.168.1.101','Mozilla/5.0','2025-12-10 11:43:53'),(9,4,'APPROVE','leave','Approved leave request for John Doe','192.168.1.101','Mozilla/5.0','2025-12-10 11:43:53'),(10,2,'UPDATE','employees','Updated employee: Sarah Williams','127.0.0.1','Mozilla/5.0','2025-12-10 11:43:53'),(11,1,'DELETE','users','Deleted inactive user','127.0.0.1','Mozilla/5.0','2025-12-10 11:43:53'),(12,5,'LOGIN','auth','Regular User 1 logged in','192.168.1.150','Mozilla/5.0','2025-12-10 11:43:53'),(13,5,'CREATE','leave','Applied for annual leave','192.168.1.150','Mozilla/5.0','2025-12-10 11:43:53'),(14,2,'EXPORT','employees','Exported employee data to Excel','127.0.0.1','Mozilla/5.0','2025-12-10 11:43:53'),(15,3,'VIEW','attendance','Viewed attendance report','192.168.1.100','Mozilla/5.0','2025-12-10 11:43:53');
/*!40000 ALTER TABLE `activity_logs` ENABLE KEYS */;
UNLOCK TABLES;

--
-- Table structure for table `employee_attendance`
--

DROP TABLE IF EXISTS `employee_attendance`;
/*!40101 SET @saved_cs_client     = @@character_set_client */;
/*!50503 SET character_set_client = utf8mb4 */;
CREATE TABLE `employee_attendance` (
  `id` int NOT NULL AUTO_INCREMENT,
  `employee_id` int NOT NULL,
  `attendance_date` date NOT NULL,
  `check_in` time DEFAULT NULL,
  `check_out` time DEFAULT NULL,
  `status` enum('Present','Absent','Leave','Late') COLLATE utf8mb4_unicode_ci NOT NULL,
  `notes` text COLLATE utf8mb4_unicode_ci,
  `created_at` timestamp NULL DEFAULT CURRENT_TIMESTAMP,
  PRIMARY KEY (`id`),
  UNIQUE KEY `unique_attendance` (`employee_id`,`attendance_date`),
  KEY `idx_attendance_date` (`attendance_date`),
  KEY `idx_status` (`status`),
  KEY `idx_attendance_emp_date` (`employee_id`,`attendance_date`),
  CONSTRAINT `employee_attendance_ibfk_1` FOREIGN KEY (`employee_id`) REFERENCES `employees` (`id`) ON DELETE CASCADE
) ENGINE=InnoDB AUTO_INCREMENT=1024 DEFAULT CHARSET=utf8mb4 COLLATE=utf8mb4_unicode_ci;
/*!40101 SET character_set_client = @saved_cs_client */;

--
-- Dumping data for table `employee_attendance`
--

LOCK TABLES `employee_attendance` WRITE;
/*!40000 ALTER TABLE `employee_attendance` DISABLE KEYS */;
INSERT INTO `employee_attendance` VALUES (1,20,'2025-12-10',NULL,NULL,'Leave','Annual Leave','2025-12-10 11:43:53'),(2,19,'2025-12-10',NULL,NULL,'Leave','Annual Leave','2025-12-10 11:43:53'),(3,18,'2025-12-10',NULL,NULL,'Leave','Annual Leave','2025-12-10 11:43:53'),(4,17,'2025-12-10',NULL,NULL,'Leave','Annual Leave','2025-12-10 11:43:53'),(5,16,'2025-12-10',NULL,NULL,'Leave','Annual Leave','2025-12-10 11:43:53'),(6,15,'2025-12-10',NULL,NULL,'Leave','Annual Leave','2025-12-10 11:43:53'),(7,14,'2025-12-10',NULL,NULL,'Leave','Annual Leave','2025-12-10 11:43:53'),(8,13,'2025-12-10',NULL,NULL,'Leave','Annual Leave','2025-12-10 11:43:53'),(9,12,'2025-12-10',NULL,NULL,'Leave','Annual Leave','2025-12-10 11:43:53'),(10,11,'2025-12-10',NULL,NULL,'Leave','Annual Leave','2025-12-10 11:43:53'),(11,10,'2025-12-10',NULL,NULL,'Leave','Annual Leave','2025-12-10 11:43:53'),(12,9,'2025-12-10',NULL,NULL,'Leave','Annual Leave','2025-12-10 11:43:53'),(13,8,'2025-12-10',NULL,NULL,'Leave','Annual Leave','2025-12-10 11:43:53'),(14,7,'2025-12-10',NULL,NULL,'Leave','Annual Leave','2025-12-10 11:43:53'),(15,6,'2025-12-10',NULL,NULL,'Leave','Annual Leave','2025-12-10 11:43:53'),(16,5,'2025-12-10',NULL,NULL,'Leave','Annual Leave','2025-12-10 11:43:53'),(17,4,'2025-12-10',NULL,NULL,'Leave','Annual Leave','2025-12-10 11:43:53'),(18,3,'2025-12-10',NULL,NULL,'Leave','Annual Leave','2025-12-10 11:43:53'),(19,2,'2025-12-10',NULL,NULL,'Leave','Annual Leave','2025-12-10 11:43:53'),(21,20,'2025-12-09','08:15:00','18:03:00','Present',NULL,'2025-12-10 11:43:53'),(22,19,'2025-12-09','07:55:00','18:10:00','Present',NULL,'2025-12-10 11:43:53'),(23,18,'2025-12-09','07:46:00','18:09:00','Present',NULL,'2025-12-10 11:43:53'),(24,17,'2025-12-09','08:00:00','18:37:00','Present',NULL,'2025-12-10 11:43:53'),(25,16,'2025-12-09','07:00:00','18:34:00','Present',NULL,'2025-12-10 11:43:53'),(26,15,'2025-12-09','07:48:00','18:09:00','Present',NULL,'2025-12-10 11:43:53'),(27,14,'2025-12-09','08:44:00','18:47:00','Present',NULL,'2025-12-10 11:43:53'),(28,13,'2025-12-09','08:12:00','17:44:00','Present',NULL,'2025-12-10 11:43:53'),(29,12,'2025-12-09','07:14:00','17:51:00','Present',NULL,'2025-12-10 11:43:53'),(30,11,'2025-12-09','07:15:00','17:14:00','Present',NULL,'2025-12-10 11:43:53'),(31,10,'2025-12-09','08:16:00','18:54:00','Present',NULL,'2025-12-10 11:43:53'),(32,9,'2025-12-09','08:44:00','17:54:00','Present',NULL,'2025-12-10 11:43:53'),(33,8,'2025-12-09','07:43:00','17:31:00','Present',NULL,'2025-12-10 11:43:53'),(34,7,'2025-12-09','07:25:00','18:24:00','Present',NULL,'2025-12-10 11:43:53'),(35,6,'2025-12-09','07:54:00','17:38:00','Present',NULL,'2025-12-10 11:43:53'),(36,5,'2025-12-09','07:56:00','18:09:00','Present',NULL,'2025-12-10 11:43:53'),(37,4,'2025-12-09','08:22:00','18:47:00','Present',NULL,'2025-12-10 11:43:53'),(38,3,'2025-12-09','08:30:00','18:44:00','Present',NULL,'2025-12-10 11:43:53'),(39,2,'2025-12-09','08:33:00','17:47:00','Present',NULL,'2025-12-10 11:43:53'),(41,20,'2025-12-08','07:48:00','17:03:00','Present',NULL,'2025-12-10 11:43:53'),(42,19,'2025-12-08','07:42:00','17:59:00','Present',NULL,'2025-12-10 11:43:53'),(43,18,'2025-12-08','08:30:00','17:48:00','Present',NULL,'2025-12-10 11:43:53'),(44,17,'2025-12-08','08:36:00','17:14:00','Present',NULL,'2025-12-10 11:43:53'),(45,16,'2025-12-08','08:02:00','18:32:00','Present',NULL,'2025-12-10 11:43:53'),(46,15,'2025-12-08','07:01:00','18:33:00','Present',NULL,'2025-12-10 11:43:53'),(47,14,'2025-12-08','08:18:00','18:50:00','Present',NULL,'2025-12-10 11:43:53'),(48,13,'2025-12-08','08:19:00','18:37:00','Present',NULL,'2025-12-10 11:43:53'),(49,12,'2025-12-08','08:51:00','17:40:00','Present',NULL,'2025-12-10 11:43:53'),(50,11,'2025-12-08','07:03:00','17:59:00','Present',NULL,'2025-12-10 11:43:53'),(51,10,'2025-12-08','07:16:00','18:11:00','Present',NULL,'2025-12-10 11:43:53'),(52,9,'2025-12-08','07:14:00','18:51:00','Present',NULL,'2025-12-10 11:43:53'),(53,8,'2025-12-08','07:15:00','18:58:00','Present',NULL,'2025-12-10 11:43:53'),(54,7,'2025-12-08','08:13:00','17:25:00','Present',NULL,'2025-12-10 11:43:53'),(55,6,'2025-12-08','07:57:00','17:24:00','Present',NULL,'2025-12-10 11:43:53'),(56,5,'2025-12-08','08:00:00','17:28:00','Present',NULL,'2025-12-10 11:43:53'),(57,4,'2025-12-08','07:02:00','18:26:00','Present',NULL,'2025-12-10 11:43:53'),(58,3,'2025-12-08','07:53:00','17:05:00','Present',NULL,'2025-12-10 11:43:53'),(59,2,'2025-12-08','08:42:00','18:42:00','Present',NULL,'2025-12-10 11:43:53'),(61,20,'2025-12-07',NULL,NULL,'Absent',NULL,'2025-12-10 11:43:53'),(62,19,'2025-12-07',NULL,NULL,'Absent',NULL,'2025-12-10 11:43:53'),(63,18,'2025-12-07',NULL,NULL,'Absent',NULL,'2025-12-10 11:43:53'),(64,17,'2025-12-07',NULL,NULL,'Absent',NULL,'2025-12-10 11:43:53'),(65,16,'2025-12-07',NULL,NULL,'Absent',NULL,'2025-12-10 11:43:53'),(66,15,'2025-12-07',NULL,NULL,'Absent',NULL,'2025-12-10 11:43:53'),(67,14,'2025-12-07',NULL,NULL,'Absent',NULL,'2025-12-10 11:43:53'),(68,13,'2025-12-07',NULL,NULL,'Absent',NULL,'2025-12-10 11:43:53'),(69,12,'2025-12-07',NULL,NULL,'Absent',NULL,'2025-12-10 11:43:53'),(70,11,'2025-12-07',NULL,NULL,'Absent',NULL,'2025-12-10 11:43:53'),(71,10,'2025-12-07',NULL,NULL,'Absent',NULL,'2025-12-10 11:43:53'),(72,9,'2025-12-07',NULL,NULL,'Absent',NULL,'2025-12-10 11:43:53'),(73,8,'2025-12-07',NULL,NULL,'Absent',NULL,'2025-12-10 11:43:53'),(74,7,'2025-12-07',NULL,NULL,'Absent',NULL,'2025-12-10 11:43:53'),(75,6,'2025-12-07',NULL,NULL,'Absent',NULL,'2025-12-10 11:43:53'),(76,5,'2025-12-07',NULL,NULL,'Absent',NULL,'2025-12-10 11:43:53'),(77,4,'2025-12-07',NULL,NULL,'Absent',NULL,'2025-12-10 11:43:53'),(78,3,'2025-12-07',NULL,NULL,'Absent',NULL,'2025-12-10 11:43:53'),(79,2,'2025-12-07',NULL,NULL,'Absent',NULL,'2025-12-10 11:43:53'),(81,20,'2025-12-06',NULL,NULL,'Absent',NULL,'2025-12-10 11:43:53'),(82,19,'2025-12-06',NULL,NULL,'Absent',NULL,'2025-12-10 11:43:53'),(83,18,'2025-12-06',NULL,NULL,'Absent',NULL,'2025-12-10 11:43:53'),(84,17,'2025-12-06',NULL,NULL,'Absent',NULL,'2025-12-10 11:43:53'),(85,16,'2025-12-06',NULL,NULL,'Absent',NULL,'2025-12-10 11:43:53'),(86,15,'2025-12-06',NULL,NULL,'Absent',NULL,'2025-12-10 11:43:53'),(87,14,'2025-12-06',NULL,NULL,'Absent',NULL,'2025-12-10 11:43:53'),(88,13,'2025-12-06',NULL,NULL,'Absent',NULL,'2025-12-10 11:43:53'),(89,12,'2025-12-06',NULL,NULL,'Absent',NULL,'2025-12-10 11:43:53'),(90,11,'2025-12-06',NULL,NULL,'Absent',NULL,'2025-12-10 11:43:53'),(91,10,'2025-12-06',NULL,NULL,'Absent',NULL,'2025-12-10 11:43:53'),(92,9,'2025-12-06',NULL,NULL,'Absent',NULL,'2025-12-10 11:43:53'),(93,8,'2025-12-06',NULL,NULL,'Absent',NULL,'2025-12-10 11:43:53'),(94,7,'2025-12-06',NULL,NULL,'Absent',NULL,'2025-12-10 11:43:53'),(95,6,'2025-12-06',NULL,NULL,'Absent',NULL,'2025-12-10 11:43:53'),(96,5,'2025-12-06',NULL,NULL,'Absent',NULL,'2025-12-10 11:43:53'),(97,4,'2025-12-06',NULL,NULL,'Absent',NULL,'2025-12-10 11:43:53'),(98,3,'2025-12-06',NULL,NULL,'Absent',NULL,'2025-12-10 11:43:53'),(99,2,'2025-12-06',NULL,NULL,'Absent',NULL,'2025-12-10 11:43:53'),(101,20,'2025-12-05','07:39:00','18:11:00','Present',NULL,'2025-12-10 11:43:53'),(102,19,'2025-12-05','07:42:00','17:42:00','Present',NULL,'2025-12-10 11:43:53'),(103,18,'2025-12-05','07:12:00','18:31:00','Present',NULL,'2025-12-10 11:43:53'),(104,17,'2025-12-05','08:04:00','17:42:00','Present',NULL,'2025-12-10 11:43:53'),(105,16,'2025-12-05','08:49:00','17:13:00','Present',NULL,'2025-12-10 11:43:53'),(106,15,'2025-12-05','08:48:00','18:29:00','Present',NULL,'2025-12-10 11:43:53'),(107,14,'2025-12-05','08:07:00','17:57:00','Present',NULL,'2025-12-10 11:43:53'),(108,13,'2025-12-05','08:11:00','17:00:00','Present',NULL,'2025-12-10 11:43:53'),(109,12,'2025-12-05','08:16:00','17:20:00','Present',NULL,'2025-12-10 11:43:53'),(110,11,'2025-12-05','07:56:00','18:43:00','Present',NULL,'2025-12-10 11:43:53'),(111,10,'2025-12-05','07:26:00','18:45:00','Present',NULL,'2025-12-10 11:43:53'),(112,9,'2025-12-05','07:33:00','18:36:00','Present',NULL,'2025-12-10 11:43:53'),(113,8,'2025-12-05','07:41:00','17:40:00','Present',NULL,'2025-12-10 11:43:53'),(114,7,'2025-12-05','08:27:00','18:35:00','Present',NULL,'2025-12-10 11:43:53'),(115,6,'2025-12-05','07:13:00','18:53:00','Present',NULL,'2025-12-10 11:43:53'),(116,5,'2025-12-05','08:04:00','18:25:00','Present',NULL,'2025-12-10 11:43:53'),(117,4,'2025-12-05','08:19:00','17:18:00','Present',NULL,'2025-12-10 11:43:53'),(118,3,'2025-12-05','07:57:00','18:22:00','Present',NULL,'2025-12-10 11:43:53'),(119,2,'2025-12-05','08:32:00','18:02:00','Present',NULL,'2025-12-10 11:43:53'),(121,20,'2025-12-04','08:40:00','18:49:00','Present',NULL,'2025-12-10 11:43:53'),(122,19,'2025-12-04','07:38:00','18:52:00','Present',NULL,'2025-12-10 11:43:53'),(123,18,'2025-12-04','07:40:00','17:02:00','Present',NULL,'2025-12-10 11:43:53'),(124,17,'2025-12-04','07:49:00','18:08:00','Present',NULL,'2025-12-10 11:43:53'),(125,16,'2025-12-04','07:16:00','18:00:00','Present',NULL,'2025-12-10 11:43:53'),(126,15,'2025-12-04','07:36:00','18:37:00','Present',NULL,'2025-12-10 11:43:53'),(127,14,'2025-12-04','07:18:00','17:06:00','Present',NULL,'2025-12-10 11:43:53'),(128,13,'2025-12-04','07:28:00','17:00:00','Present',NULL,'2025-12-10 11:43:53'),(129,12,'2025-12-04','07:54:00','18:05:00','Present',NULL,'2025-12-10 11:43:53'),(130,11,'2025-12-04','08:33:00','17:44:00','Present',NULL,'2025-12-10 11:43:53'),(131,10,'2025-12-04','07:11:00','18:59:00','Present',NULL,'2025-12-10 11:43:53'),(132,9,'2025-12-04','07:12:00','18:07:00','Present',NULL,'2025-12-10 11:43:53'),(133,8,'2025-12-04','07:16:00','17:15:00','Present',NULL,'2025-12-10 11:43:53'),(134,7,'2025-12-04','07:32:00','18:57:00','Present',NULL,'2025-12-10 11:43:53'),(135,6,'2025-12-04','07:15:00','18:25:00','Present',NULL,'2025-12-10 11:43:53'),(136,5,'2025-12-04','07:41:00','18:26:00','Present',NULL,'2025-12-10 11:43:53'),(137,4,'2025-12-04','08:11:00','17:45:00','Present',NULL,'2025-12-10 11:43:53'),(138,3,'2025-12-04','07:40:00','17:57:00','Present',NULL,'2025-12-10 11:43:53'),(139,2,'2025-12-04','07:15:00','18:04:00','Present',NULL,'2025-12-10 11:43:53'),(141,20,'2025-12-03','08:54:00','18:48:00','Present',NULL,'2025-12-10 11:43:53'),(142,19,'2025-12-03','08:09:00','17:50:00','Present',NULL,'2025-12-10 11:43:53'),(143,18,'2025-12-03','07:28:00','17:32:00','Present',NULL,'2025-12-10 11:43:53'),(144,17,'2025-12-03','07:05:00','17:47:00','Present',NULL,'2025-12-10 11:43:53'),(145,16,'2025-12-03','08:21:00','18:45:00','Present',NULL,'2025-12-10 11:43:53'),(146,15,'2025-12-03','08:08:00','17:50:00','Present',NULL,'2025-12-10 11:43:53'),(147,14,'2025-12-03','07:47:00','18:34:00','Present',NULL,'2025-12-10 11:43:53'),(148,13,'2025-12-03','08:47:00','17:52:00','Present',NULL,'2025-12-10 11:43:53'),(149,12,'2025-12-03','07:37:00','18:04:00','Present',NULL,'2025-12-10 11:43:53'),(150,11,'2025-12-03','07:45:00','18:37:00','Present',NULL,'2025-12-10 11:43:53'),(151,10,'2025-12-03','07:04:00','17:52:00','Present',NULL,'2025-12-10 11:43:53'),(152,9,'2025-12-03','08:55:00','17:37:00','Present',NULL,'2025-12-10 11:43:53'),(153,8,'2025-12-03','08:35:00','18:27:00','Present',NULL,'2025-12-10 11:43:53'),(154,7,'2025-12-03','08:31:00','17:55:00','Present',NULL,'2025-12-10 11:43:53'),(155,6,'2025-12-03','08:44:00','18:48:00','Present',NULL,'2025-12-10 11:43:53'),(156,5,'2025-12-03','07:42:00','18:00:00','Present',NULL,'2025-12-10 11:43:53'),(157,4,'2025-12-03','08:59:00','17:38:00','Present',NULL,'2025-12-10 11:43:53'),(158,3,'2025-12-03','08:18:00','17:12:00','Present',NULL,'2025-12-10 11:43:53'),(159,2,'2025-12-03','08:14:00','17:46:00','Present',NULL,'2025-12-10 11:43:53'),(161,20,'2025-12-02','07:32:00','18:31:00','Present',NULL,'2025-12-10 11:43:53'),(162,19,'2025-12-02','07:58:00','18:48:00','Present',NULL,'2025-12-10 11:43:53'),(163,18,'2025-12-02','07:32:00','18:01:00','Present',NULL,'2025-12-10 11:43:53'),(164,17,'2025-12-02','08:45:00','17:02:00','Present',NULL,'2025-12-10 11:43:53'),(165,16,'2025-12-02','07:04:00','17:06:00','Present',NULL,'2025-12-10 11:43:53'),(166,15,'2025-12-02','08:11:00','18:48:00','Present',NULL,'2025-12-10 11:43:53'),(167,14,'2025-12-02','07:37:00','18:42:00','Present',NULL,'2025-12-10 11:43:53'),(168,13,'2025-12-02','08:52:00','18:15:00','Present',NULL,'2025-12-10 11:43:53'),(169,12,'2025-12-02','07:55:00','18:26:00','Present',NULL,'2025-12-10 11:43:53'),(170,11,'2025-12-02','07:50:00','18:04:00','Present',NULL,'2025-12-10 11:43:53'),(171,10,'2025-12-02','08:50:00','18:26:00','Present',NULL,'2025-12-10 11:43:53'),(172,9,'2025-12-02','08:46:00','17:37:00','Present',NULL,'2025-12-10 11:43:53'),(173,8,'2025-12-02','08:02:00','17:04:00','Present',NULL,'2025-12-10 11:43:53'),(174,7,'2025-12-02','08:07:00','18:40:00','Present',NULL,'2025-12-10 11:43:53'),(175,6,'2025-12-02','08:41:00','18:00:00','Present',NULL,'2025-12-10 11:43:53'),(176,5,'2025-12-02','08:49:00','17:45:00','Present',NULL,'2025-12-10 11:43:53'),(177,4,'2025-12-02','07:01:00','18:27:00','Present',NULL,'2025-12-10 11:43:53'),(178,3,'2025-12-02','07:32:00','17:17:00','Present',NULL,'2025-12-10 11:43:53'),(179,2,'2025-12-02','08:38:00','18:36:00','Present',NULL,'2025-12-10 11:43:53'),(181,20,'2025-12-01','08:55:00','18:04:00','Present',NULL,'2025-12-10 11:43:53'),(182,19,'2025-12-01','07:02:00','17:16:00','Present',NULL,'2025-12-10 11:43:53'),(183,18,'2025-12-01','07:42:00','17:04:00','Present',NULL,'2025-12-10 11:43:53'),(184,17,'2025-12-01','08:57:00','18:28:00','Present',NULL,'2025-12-10 11:43:53'),(185,16,'2025-12-01','08:24:00','18:31:00','Present',NULL,'2025-12-10 11:43:53'),(186,15,'2025-12-01','07:08:00','18:58:00','Present',NULL,'2025-12-10 11:43:53'),(187,14,'2025-12-01','08:14:00','18:44:00','Present',NULL,'2025-12-10 11:43:53'),(188,13,'2025-12-01','08:51:00','17:47:00','Present',NULL,'2025-12-10 11:43:53'),(189,12,'2025-12-01','08:13:00','18:17:00','Present',NULL,'2025-12-10 11:43:53'),(190,11,'2025-12-01','08:25:00','17:32:00','Present',NULL,'2025-12-10 11:43:53'),(191,10,'2025-12-01','07:18:00','18:59:00','Present',NULL,'2025-12-10 11:43:53'),(192,9,'2025-12-01','07:14:00','17:32:00','Present',NULL,'2025-12-10 11:43:53'),(193,8,'2025-12-01','08:02:00','18:04:00','Present',NULL,'2025-12-10 11:43:53'),(194,7,'2025-12-01','07:53:00','17:27:00','Present',NULL,'2025-12-10 11:43:53'),(195,6,'2025-12-01','08:34:00','17:54:00','Present',NULL,'2025-12-10 11:43:53'),(196,5,'2025-12-01','07:55:00','17:32:00','Present',NULL,'2025-12-10 11:43:53'),(197,4,'2025-12-01','08:59:00','17:58:00','Present',NULL,'2025-12-10 11:43:53'),(198,3,'2025-12-01','07:43:00','18:59:00','Present',NULL,'2025-12-10 11:43:53'),(199,2,'2025-12-01','07:22:00','18:11:00','Present',NULL,'2025-12-10 11:43:53'),(201,20,'2025-11-30',NULL,NULL,'Absent',NULL,'2025-12-10 11:43:53'),(202,19,'2025-11-30',NULL,NULL,'Absent',NULL,'2025-12-10 11:43:53'),(203,18,'2025-11-30',NULL,NULL,'Absent',NULL,'2025-12-10 11:43:53'),(204,17,'2025-11-30',NULL,NULL,'Absent',NULL,'2025-12-10 11:43:53'),(205,16,'2025-11-30',NULL,NULL,'Absent',NULL,'2025-12-10 11:43:53'),(206,15,'2025-11-30',NULL,NULL,'Absent',NULL,'2025-12-10 11:43:53'),(207,14,'2025-11-30',NULL,NULL,'Absent',NULL,'2025-12-10 11:43:53'),(208,13,'2025-11-30',NULL,NULL,'Absent',NULL,'2025-12-10 11:43:53'),(209,12,'2025-11-30',NULL,NULL,'Absent',NULL,'2025-12-10 11:43:53'),(210,11,'2025-11-30',NULL,NULL,'Absent',NULL,'2025-12-10 11:43:53'),(211,10,'2025-11-30',NULL,NULL,'Absent',NULL,'2025-12-10 11:43:53'),(212,9,'2025-11-30',NULL,NULL,'Absent',NULL,'2025-12-10 11:43:53'),(213,8,'2025-11-30',NULL,NULL,'Absent',NULL,'2025-12-10 11:43:53'),(214,7,'2025-11-30',NULL,NULL,'Absent',NULL,'2025-12-10 11:43:53'),(215,6,'2025-11-30',NULL,NULL,'Absent',NULL,'2025-12-10 11:43:53'),(216,5,'2025-11-30',NULL,NULL,'Absent',NULL,'2025-12-10 11:43:53'),(217,4,'2025-11-30',NULL,NULL,'Absent',NULL,'2025-12-10 11:43:53'),(218,3,'2025-11-30',NULL,NULL,'Absent',NULL,'2025-12-10 11:43:53'),(219,2,'2025-11-30',NULL,NULL,'Absent',NULL,'2025-12-10 11:43:53'),(221,20,'2025-11-29',NULL,NULL,'Absent',NULL,'2025-12-10 11:43:53'),(222,19,'2025-11-29',NULL,NULL,'Absent',NULL,'2025-12-10 11:43:53'),(223,18,'2025-11-29',NULL,NULL,'Absent',NULL,'2025-12-10 11:43:53'),(224,17,'2025-11-29',NULL,NULL,'Absent',NULL,'2025-12-10 11:43:53'),(225,16,'2025-11-29',NULL,NULL,'Absent',NULL,'2025-12-10 11:43:53'),(226,15,'2025-11-29',NULL,NULL,'Absent',NULL,'2025-12-10 11:43:53'),(227,14,'2025-11-29',NULL,NULL,'Absent',NULL,'2025-12-10 11:43:53'),(228,13,'2025-11-29',NULL,NULL,'Absent',NULL,'2025-12-10 11:43:53'),(229,12,'2025-11-29',NULL,NULL,'Absent',NULL,'2025-12-10 11:43:53'),(230,11,'2025-11-29',NULL,NULL,'Absent',NULL,'2025-12-10 11:43:53'),(231,10,'2025-11-29',NULL,NULL,'Absent',NULL,'2025-12-10 11:43:53'),(232,9,'2025-11-29',NULL,NULL,'Absent',NULL,'2025-12-10 11:43:53'),(233,8,'2025-11-29',NULL,NULL,'Absent',NULL,'2025-12-10 11:43:53'),(234,7,'2025-11-29',NULL,NULL,'Absent',NULL,'2025-12-10 11:43:53'),(235,6,'2025-11-29',NULL,NULL,'Absent',NULL,'2025-12-10 11:43:53'),(236,5,'2025-11-29',NULL,NULL,'Absent',NULL,'2025-12-10 11:43:53'),(237,4,'2025-11-29',NULL,NULL,'Absent',NULL,'2025-12-10 11:43:53'),(238,3,'2025-11-29',NULL,NULL,'Absent',NULL,'2025-12-10 11:43:53'),(239,2,'2025-11-29',NULL,NULL,'Absent',NULL,'2025-12-10 11:43:53'),(241,20,'2025-11-28','07:51:00','18:10:00','Present',NULL,'2025-12-10 11:43:53'),(242,19,'2025-11-28','07:39:00','17:57:00','Present',NULL,'2025-12-10 11:43:53'),(243,18,'2025-11-28','07:19:00','18:37:00','Present',NULL,'2025-12-10 11:43:53'),(244,17,'2025-11-28','07:58:00','18:57:00','Present',NULL,'2025-12-10 11:43:53'),(245,16,'2025-11-28','07:17:00','17:58:00','Present',NULL,'2025-12-10 11:43:53'),(246,15,'2025-11-28','07:57:00','18:27:00','Present',NULL,'2025-12-10 11:43:53'),(247,14,'2025-11-28','07:11:00','17:34:00','Present',NULL,'2025-12-10 11:43:53'),(248,13,'2025-11-28','08:13:00','18:58:00','Present',NULL,'2025-12-10 11:43:53'),(249,12,'2025-11-28','08:35:00','18:23:00','Present',NULL,'2025-12-10 11:43:53'),(250,11,'2025-11-28','07:14:00','18:03:00','Present',NULL,'2025-12-10 11:43:53'),(251,10,'2025-11-28','07:57:00','18:46:00','Present',NULL,'2025-12-10 11:43:53'),(252,9,'2025-11-28','08:53:00','18:02:00','Present',NULL,'2025-12-10 11:43:53'),(253,8,'2025-11-28','08:49:00','17:19:00','Present',NULL,'2025-12-10 11:43:53'),(254,7,'2025-11-28','08:45:00','17:33:00','Present',NULL,'2025-12-10 11:43:53'),(255,6,'2025-11-28','07:45:00','18:26:00','Present',NULL,'2025-12-10 11:43:53'),(256,5,'2025-11-28','07:26:00','17:22:00','Present',NULL,'2025-12-10 11:43:53'),(257,4,'2025-11-28','07:02:00','18:27:00','Present',NULL,'2025-12-10 11:43:53'),(258,3,'2025-11-28','08:20:00','17:16:00','Present',NULL,'2025-12-10 11:43:53'),(259,2,'2025-11-28','07:11:00','17:10:00','Present',NULL,'2025-12-10 11:43:53'),(261,20,'2025-11-27','08:17:00','18:37:00','Present',NULL,'2025-12-10 11:43:53'),(262,19,'2025-11-27','07:13:00','17:37:00','Present',NULL,'2025-12-10 11:43:53'),(263,18,'2025-11-27','08:44:00','18:40:00','Present',NULL,'2025-12-10 11:43:53'),(264,17,'2025-11-27','07:08:00','17:31:00','Present',NULL,'2025-12-10 11:43:53'),(265,16,'2025-11-27','07:43:00','17:55:00','Present',NULL,'2025-12-10 11:43:53'),(266,15,'2025-11-27','08:57:00','18:59:00','Present',NULL,'2025-12-10 11:43:53'),(267,14,'2025-11-27','07:05:00','17:56:00','Present',NULL,'2025-12-10 11:43:53'),(268,13,'2025-11-27','07:02:00','17:22:00','Present',NULL,'2025-12-10 11:43:53'),(269,12,'2025-11-27','08:43:00','18:19:00','Present',NULL,'2025-12-10 11:43:53'),(270,11,'2025-11-27','08:34:00','17:09:00','Present',NULL,'2025-12-10 11:43:53'),(271,10,'2025-11-27','07:54:00','18:42:00','Present',NULL,'2025-12-10 11:43:53'),(272,9,'2025-11-27','07:17:00','18:04:00','Present',NULL,'2025-12-10 11:43:53'),(273,8,'2025-11-27','07:00:00','18:17:00','Present',NULL,'2025-12-10 11:43:53'),(274,7,'2025-11-27','07:25:00','18:27:00','Present',NULL,'2025-12-10 11:43:53'),(275,6,'2025-11-27','07:49:00','17:36:00','Present',NULL,'2025-12-10 11:43:53'),(276,5,'2025-11-27','07:14:00','17:57:00','Present',NULL,'2025-12-10 11:43:53'),(277,4,'2025-11-27','07:03:00','17:29:00','Present',NULL,'2025-12-10 11:43:53'),(278,3,'2025-11-27','07:40:00','17:21:00','Present',NULL,'2025-12-10 11:43:53'),(279,2,'2025-11-27','08:43:00','18:28:00','Present',NULL,'2025-12-10 11:43:53'),(281,20,'2025-11-26','07:21:00','18:47:00','Present',NULL,'2025-12-10 11:43:53'),(282,19,'2025-11-26','07:47:00','17:05:00','Present',NULL,'2025-12-10 11:43:53'),(283,18,'2025-11-26','08:41:00','18:18:00','Present',NULL,'2025-12-10 11:43:53'),(284,17,'2025-11-26','07:28:00','18:12:00','Present',NULL,'2025-12-10 11:43:53'),(285,16,'2025-11-26','07:52:00','17:44:00','Present',NULL,'2025-12-10 11:43:53'),(286,15,'2025-11-26','07:18:00','18:10:00','Present',NULL,'2025-12-10 11:43:53'),(287,14,'2025-11-26','08:27:00','17:14:00','Present',NULL,'2025-12-10 11:43:53'),(288,13,'2025-11-26','07:23:00','17:17:00','Present',NULL,'2025-12-10 11:43:53'),(289,12,'2025-11-26','08:02:00','17:00:00','Present',NULL,'2025-12-10 11:43:53'),(290,11,'2025-11-26','08:54:00','17:17:00','Present',NULL,'2025-12-10 11:43:53'),(291,10,'2025-11-26','08:24:00','17:59:00','Present',NULL,'2025-12-10 11:43:53'),(292,9,'2025-11-26','08:11:00','17:40:00','Present',NULL,'2025-12-10 11:43:53'),(293,8,'2025-11-26','07:02:00','18:42:00','Present',NULL,'2025-12-10 11:43:53'),(294,7,'2025-11-26','08:06:00','18:37:00','Present',NULL,'2025-12-10 11:43:53'),(295,6,'2025-11-26','07:04:00','18:35:00','Present',NULL,'2025-12-10 11:43:53'),(296,5,'2025-11-26','08:37:00','17:25:00','Present',NULL,'2025-12-10 11:43:53'),(297,4,'2025-11-26','08:29:00','18:24:00','Present',NULL,'2025-12-10 11:43:53'),(298,3,'2025-11-26','07:30:00','17:46:00','Present',NULL,'2025-12-10 11:43:53'),(299,2,'2025-11-26','08:15:00','18:03:00','Present',NULL,'2025-12-10 11:43:53'),(301,20,'2025-11-25',NULL,NULL,'Leave','Annual Leave','2025-12-10 11:43:53'),(302,19,'2025-11-25',NULL,NULL,'Leave','Annual Leave','2025-12-10 11:43:53'),(303,18,'2025-11-25',NULL,NULL,'Leave','Annual Leave','2025-12-10 11:43:53'),(304,17,'2025-11-25',NULL,NULL,'Leave','Annual Leave','2025-12-10 11:43:53'),(305,16,'2025-11-25',NULL,NULL,'Leave','Annual Leave','2025-12-10 11:43:53'),(306,15,'2025-11-25',NULL,NULL,'Leave','Annual Leave','2025-12-10 11:43:53'),(307,14,'2025-11-25',NULL,NULL,'Leave','Annual Leave','2025-12-10 11:43:53'),(308,13,'2025-11-25',NULL,NULL,'Leave','Annual Leave','2025-12-10 11:43:53'),(309,12,'2025-11-25',NULL,NULL,'Leave','Annual Leave','2025-12-10 11:43:53'),(310,11,'2025-11-25',NULL,NULL,'Leave','Annual Leave','2025-12-10 11:43:53'),(311,10,'2025-11-25',NULL,NULL,'Leave','Annual Leave','2025-12-10 11:43:53'),(312,9,'2025-11-25',NULL,NULL,'Leave','Annual Leave','2025-12-10 11:43:53'),(313,8,'2025-11-25',NULL,NULL,'Leave','Annual Leave','2025-12-10 11:43:53'),(314,7,'2025-11-25',NULL,NULL,'Leave','Annual Leave','2025-12-10 11:43:53'),(315,6,'2025-11-25',NULL,NULL,'Leave','Annual Leave','2025-12-10 11:43:53'),(316,5,'2025-11-25',NULL,NULL,'Leave','Annual Leave','2025-12-10 11:43:53'),(317,4,'2025-11-25',NULL,NULL,'Leave','Annual Leave','2025-12-10 11:43:53'),(318,3,'2025-11-25',NULL,NULL,'Leave','Annual Leave','2025-12-10 11:43:53'),(319,2,'2025-11-25',NULL,NULL,'Leave','Annual Leave','2025-12-10 11:43:53'),(321,20,'2025-11-24','08:37:00','17:22:00','Present',NULL,'2025-12-10 11:43:53'),(322,19,'2025-11-24','07:31:00','17:37:00','Present',NULL,'2025-12-10 11:43:53'),(323,18,'2025-11-24','07:59:00','18:17:00','Present',NULL,'2025-12-10 11:43:53'),(324,17,'2025-11-24','08:37:00','17:07:00','Present',NULL,'2025-12-10 11:43:53'),(325,16,'2025-11-24','07:50:00','18:43:00','Present',NULL,'2025-12-10 11:43:53'),(326,15,'2025-11-24','07:09:00','18:33:00','Present',NULL,'2025-12-10 11:43:53'),(327,14,'2025-11-24','07:19:00','18:03:00','Present',NULL,'2025-12-10 11:43:53'),(328,13,'2025-11-24','07:12:00','18:27:00','Present',NULL,'2025-12-10 11:43:53'),(329,12,'2025-11-24','07:47:00','18:49:00','Present',NULL,'2025-12-10 11:43:53'),(330,11,'2025-11-24','07:34:00','17:36:00','Present',NULL,'2025-12-10 11:43:53'),(331,10,'2025-11-24','07:24:00','17:09:00','Present',NULL,'2025-12-10 11:43:53'),(332,9,'2025-11-24','08:25:00','17:46:00','Present',NULL,'2025-12-10 11:43:53'),(333,8,'2025-11-24','07:48:00','17:29:00','Present',NULL,'2025-12-10 11:43:53'),(334,7,'2025-11-24','07:03:00','17:34:00','Present',NULL,'2025-12-10 11:43:53'),(335,6,'2025-11-24','08:24:00','18:35:00','Present',NULL,'2025-12-10 11:43:53'),(336,5,'2025-11-24','07:26:00','17:02:00','Present',NULL,'2025-12-10 11:43:53'),(337,4,'2025-11-24','08:59:00','18:31:00','Present',NULL,'2025-12-10 11:43:53'),(338,3,'2025-11-24','07:07:00','17:33:00','Present',NULL,'2025-12-10 11:43:53'),(339,2,'2025-11-24','07:25:00','17:00:00','Present',NULL,'2025-12-10 11:43:53'),(341,20,'2025-11-23',NULL,NULL,'Absent',NULL,'2025-12-10 11:43:53'),(342,19,'2025-11-23',NULL,NULL,'Absent',NULL,'2025-12-10 11:43:53'),(343,18,'2025-11-23',NULL,NULL,'Absent',NULL,'2025-12-10 11:43:53'),(344,17,'2025-11-23',NULL,NULL,'Absent',NULL,'2025-12-10 11:43:53'),(345,16,'2025-11-23',NULL,NULL,'Absent',NULL,'2025-12-10 11:43:53'),(346,15,'2025-11-23',NULL,NULL,'Absent',NULL,'2025-12-10 11:43:53'),(347,14,'2025-11-23',NULL,NULL,'Absent',NULL,'2025-12-10 11:43:53'),(348,13,'2025-11-23',NULL,NULL,'Absent',NULL,'2025-12-10 11:43:53'),(349,12,'2025-11-23',NULL,NULL,'Absent',NULL,'2025-12-10 11:43:53'),(350,11,'2025-11-23',NULL,NULL,'Absent',NULL,'2025-12-10 11:43:53'),(351,10,'2025-11-23',NULL,NULL,'Absent',NULL,'2025-12-10 11:43:53'),(352,9,'2025-11-23',NULL,NULL,'Absent',NULL,'2025-12-10 11:43:53'),(353,8,'2025-11-23',NULL,NULL,'Absent',NULL,'2025-12-10 11:43:53'),(354,7,'2025-11-23',NULL,NULL,'Absent',NULL,'2025-12-10 11:43:53'),(355,6,'2025-11-23',NULL,NULL,'Absent',NULL,'2025-12-10 11:43:53'),(356,5,'2025-11-23',NULL,NULL,'Absent',NULL,'2025-12-10 11:43:53'),(357,4,'2025-11-23',NULL,NULL,'Absent',NULL,'2025-12-10 11:43:53'),(358,3,'2025-11-23',NULL,NULL,'Absent',NULL,'2025-12-10 11:43:53'),(359,2,'2025-11-23',NULL,NULL,'Absent',NULL,'2025-12-10 11:43:53'),(361,20,'2025-11-22',NULL,NULL,'Absent',NULL,'2025-12-10 11:43:53'),(362,19,'2025-11-22',NULL,NULL,'Absent',NULL,'2025-12-10 11:43:53'),(363,18,'2025-11-22',NULL,NULL,'Absent',NULL,'2025-12-10 11:43:53'),(364,17,'2025-11-22',NULL,NULL,'Absent',NULL,'2025-12-10 11:43:53'),(365,16,'2025-11-22',NULL,NULL,'Absent',NULL,'2025-12-10 11:43:53'),(366,15,'2025-11-22',NULL,NULL,'Absent',NULL,'2025-12-10 11:43:53'),(367,14,'2025-11-22',NULL,NULL,'Absent',NULL,'2025-12-10 11:43:53'),(368,13,'2025-11-22',NULL,NULL,'Absent',NULL,'2025-12-10 11:43:53'),(369,12,'2025-11-22',NULL,NULL,'Absent',NULL,'2025-12-10 11:43:53'),(370,11,'2025-11-22',NULL,NULL,'Absent',NULL,'2025-12-10 11:43:53'),(371,10,'2025-11-22',NULL,NULL,'Absent',NULL,'2025-12-10 11:43:53'),(372,9,'2025-11-22',NULL,NULL,'Absent',NULL,'2025-12-10 11:43:53'),(373,8,'2025-11-22',NULL,NULL,'Absent',NULL,'2025-12-10 11:43:53'),(374,7,'2025-11-22',NULL,NULL,'Absent',NULL,'2025-12-10 11:43:53'),(375,6,'2025-11-22',NULL,NULL,'Absent',NULL,'2025-12-10 11:43:53'),(376,5,'2025-11-22',NULL,NULL,'Absent',NULL,'2025-12-10 11:43:53'),(377,4,'2025-11-22',NULL,NULL,'Absent',NULL,'2025-12-10 11:43:53'),(378,3,'2025-11-22',NULL,NULL,'Absent',NULL,'2025-12-10 11:43:53'),(379,2,'2025-11-22',NULL,NULL,'Absent',NULL,'2025-12-10 11:43:53'),(381,20,'2025-11-21','08:34:00','17:17:00','Present',NULL,'2025-12-10 11:43:53'),(382,19,'2025-11-21','07:23:00','18:42:00','Present',NULL,'2025-12-10 11:43:53'),(383,18,'2025-11-21','08:06:00','18:30:00','Present',NULL,'2025-12-10 11:43:53'),(384,17,'2025-11-21','08:45:00','18:58:00','Present',NULL,'2025-12-10 11:43:53'),(385,16,'2025-11-21','07:34:00','18:11:00','Present',NULL,'2025-12-10 11:43:53'),(386,15,'2025-11-21','07:29:00','17:32:00','Present',NULL,'2025-12-10 11:43:53'),(387,14,'2025-11-21','07:50:00','18:12:00','Present',NULL,'2025-12-10 11:43:53'),(388,13,'2025-11-21','08:28:00','18:00:00','Present',NULL,'2025-12-10 11:43:53'),(389,12,'2025-11-21','07:54:00','17:08:00','Present',NULL,'2025-12-10 11:43:53'),(390,11,'2025-11-21','08:26:00','18:16:00','Present',NULL,'2025-12-10 11:43:53'),(391,10,'2025-11-21','08:20:00','17:59:00','Present',NULL,'2025-12-10 11:43:53'),(392,9,'2025-11-21','07:51:00','17:25:00','Present',NULL,'2025-12-10 11:43:53'),(393,8,'2025-11-21','08:24:00','17:46:00','Present',NULL,'2025-12-10 11:43:53'),(394,7,'2025-11-21','08:10:00','18:12:00','Present',NULL,'2025-12-10 11:43:53'),(395,6,'2025-11-21','08:27:00','18:48:00','Present',NULL,'2025-12-10 11:43:53'),(396,5,'2025-11-21','08:14:00','18:14:00','Present',NULL,'2025-12-10 11:43:53'),(397,4,'2025-11-21','07:24:00','18:43:00','Present',NULL,'2025-12-10 11:43:53'),(398,3,'2025-11-21','07:00:00','17:37:00','Present',NULL,'2025-12-10 11:43:53'),(399,2,'2025-11-21','07:50:00','18:26:00','Present',NULL,'2025-12-10 11:43:53'),(401,20,'2025-11-20','07:48:00','18:25:00','Late','Traffic jam','2025-12-10 11:43:53'),(402,19,'2025-11-20','07:46:00','17:03:00','Late','Traffic jam','2025-12-10 11:43:53'),(403,18,'2025-11-20','07:12:00','18:23:00','Late','Traffic jam','2025-12-10 11:43:53'),(404,17,'2025-11-20','07:24:00','18:24:00','Late','Traffic jam','2025-12-10 11:43:53'),(405,16,'2025-11-20','08:01:00','18:57:00','Late','Traffic jam','2025-12-10 11:43:53'),(406,15,'2025-11-20','08:48:00','17:52:00','Late','Traffic jam','2025-12-10 11:43:53'),(407,14,'2025-11-20','08:23:00','17:32:00','Late','Traffic jam','2025-12-10 11:43:53'),(408,13,'2025-11-20','07:51:00','17:30:00','Late','Traffic jam','2025-12-10 11:43:53'),(409,12,'2025-11-20','07:55:00','18:01:00','Late','Traffic jam','2025-12-10 11:43:53'),(410,11,'2025-11-20','08:08:00','17:31:00','Late','Traffic jam','2025-12-10 11:43:53'),(411,10,'2025-11-20','07:36:00','18:57:00','Late','Traffic jam','2025-12-10 11:43:53'),(412,9,'2025-11-20','08:35:00','17:41:00','Late','Traffic jam','2025-12-10 11:43:53'),(413,8,'2025-11-20','08:40:00','18:36:00','Late','Traffic jam','2025-12-10 11:43:53'),(414,7,'2025-11-20','08:39:00','18:03:00','Late','Traffic jam','2025-12-10 11:43:53'),(415,6,'2025-11-20','07:01:00','18:54:00','Late','Traffic jam','2025-12-10 11:43:53'),(416,5,'2025-11-20','07:56:00','17:43:00','Late','Traffic jam','2025-12-10 11:43:53'),(417,4,'2025-11-20','08:18:00','17:19:00','Late','Traffic jam','2025-12-10 11:43:53'),(418,3,'2025-11-20','07:26:00','17:20:00','Late','Traffic jam','2025-12-10 11:43:53'),(419,2,'2025-11-20','08:41:00','17:56:00','Late','Traffic jam','2025-12-10 11:43:53'),(421,20,'2025-11-19','07:22:00','17:16:00','Present',NULL,'2025-12-10 11:43:53'),(422,19,'2025-11-19','08:57:00','17:38:00','Present',NULL,'2025-12-10 11:43:53'),(423,18,'2025-11-19','08:42:00','18:31:00','Present',NULL,'2025-12-10 11:43:53'),(424,17,'2025-11-19','07:32:00','17:35:00','Present',NULL,'2025-12-10 11:43:53'),(425,16,'2025-11-19','08:18:00','18:32:00','Present',NULL,'2025-12-10 11:43:53'),(426,15,'2025-11-19','08:29:00','18:38:00','Present',NULL,'2025-12-10 11:43:53'),(427,14,'2025-11-19','07:33:00','18:54:00','Present',NULL,'2025-12-10 11:43:53'),(428,13,'2025-11-19','08:04:00','17:23:00','Present',NULL,'2025-12-10 11:43:53'),(429,12,'2025-11-19','08:52:00','18:09:00','Present',NULL,'2025-12-10 11:43:53'),(430,11,'2025-11-19','07:59:00','18:31:00','Present',NULL,'2025-12-10 11:43:53'),(431,10,'2025-11-19','08:09:00','17:14:00','Present',NULL,'2025-12-10 11:43:53'),(432,9,'2025-11-19','08:14:00','18:20:00','Present',NULL,'2025-12-10 11:43:53'),(433,8,'2025-11-19','07:20:00','18:17:00','Present',NULL,'2025-12-10 11:43:53'),(434,7,'2025-11-19','08:30:00','18:57:00','Present',NULL,'2025-12-10 11:43:53'),(435,6,'2025-11-19','07:46:00','18:11:00','Present',NULL,'2025-12-10 11:43:53'),(436,5,'2025-11-19','07:36:00','18:50:00','Present',NULL,'2025-12-10 11:43:53'),(437,4,'2025-11-19','07:39:00','17:55:00','Present',NULL,'2025-12-10 11:43:53'),(438,3,'2025-11-19','07:34:00','18:44:00','Present',NULL,'2025-12-10 11:43:53'),(439,2,'2025-11-19','08:49:00','17:07:00','Present',NULL,'2025-12-10 11:43:53'),(441,20,'2025-11-18','07:21:00','18:48:00','Present',NULL,'2025-12-10 11:43:53'),(442,19,'2025-11-18','07:10:00','18:00:00','Present',NULL,'2025-12-10 11:43:53'),(443,18,'2025-11-18','07:27:00','17:34:00','Present',NULL,'2025-12-10 11:43:53'),(444,17,'2025-11-18','08:44:00','18:00:00','Present',NULL,'2025-12-10 11:43:53'),(445,16,'2025-11-18','07:22:00','18:09:00','Present',NULL,'2025-12-10 11:43:53'),(446,15,'2025-11-18','08:39:00','18:09:00','Present',NULL,'2025-12-10 11:43:53'),(447,14,'2025-11-18','07:02:00','17:29:00','Present',NULL,'2025-12-10 11:43:53'),(448,13,'2025-11-18','07:46:00','18:17:00','Present',NULL,'2025-12-10 11:43:53'),(449,12,'2025-11-18','08:45:00','18:37:00','Present',NULL,'2025-12-10 11:43:53'),(450,11,'2025-11-18','07:08:00','17:59:00','Present',NULL,'2025-12-10 11:43:53'),(451,10,'2025-11-18','08:29:00','17:22:00','Present',NULL,'2025-12-10 11:43:53'),(452,9,'2025-11-18','08:48:00','18:58:00','Present',NULL,'2025-12-10 11:43:53'),(453,8,'2025-11-18','08:13:00','18:26:00','Present',NULL,'2025-12-10 11:43:53'),(454,7,'2025-11-18','07:19:00','18:23:00','Present',NULL,'2025-12-10 11:43:53'),(455,6,'2025-11-18','08:19:00','18:35:00','Present',NULL,'2025-12-10 11:43:53'),(456,5,'2025-11-18','07:14:00','18:17:00','Present',NULL,'2025-12-10 11:43:53'),(457,4,'2025-11-18','08:17:00','18:49:00','Present',NULL,'2025-12-10 11:43:53'),(458,3,'2025-11-18','08:03:00','18:35:00','Present',NULL,'2025-12-10 11:43:53'),(459,2,'2025-11-18','08:50:00','17:45:00','Present',NULL,'2025-12-10 11:43:53'),(461,20,'2025-11-17','07:40:00','17:57:00','Present',NULL,'2025-12-10 11:43:53'),(462,19,'2025-11-17','07:59:00','17:23:00','Present',NULL,'2025-12-10 11:43:53'),(463,18,'2025-11-17','08:24:00','17:14:00','Present',NULL,'2025-12-10 11:43:53'),(464,17,'2025-11-17','08:52:00','17:36:00','Present',NULL,'2025-12-10 11:43:53'),(465,16,'2025-11-17','07:44:00','18:33:00','Present',NULL,'2025-12-10 11:43:53'),(466,15,'2025-11-17','08:59:00','17:51:00','Present',NULL,'2025-12-10 11:43:53'),(467,14,'2025-11-17','07:25:00','18:22:00','Present',NULL,'2025-12-10 11:43:53'),(468,13,'2025-11-17','07:23:00','17:03:00','Present',NULL,'2025-12-10 11:43:53'),(469,12,'2025-11-17','07:32:00','17:51:00','Present',NULL,'2025-12-10 11:43:53'),(470,11,'2025-11-17','07:31:00','17:15:00','Present',NULL,'2025-12-10 11:43:53'),(471,10,'2025-11-17','07:08:00','17:13:00','Present',NULL,'2025-12-10 11:43:53'),(472,9,'2025-11-17','08:58:00','18:35:00','Present',NULL,'2025-12-10 11:43:53'),(473,8,'2025-11-17','08:19:00','17:02:00','Present',NULL,'2025-12-10 11:43:53'),(474,7,'2025-11-17','08:47:00','17:48:00','Present',NULL,'2025-12-10 11:43:53'),(475,6,'2025-11-17','07:08:00','18:24:00','Present',NULL,'2025-12-10 11:43:53'),(476,5,'2025-11-17','08:20:00','18:00:00','Present',NULL,'2025-12-10 11:43:53'),(477,4,'2025-11-17','07:07:00','18:21:00','Present',NULL,'2025-12-10 11:43:53'),(478,3,'2025-11-17','08:39:00','17:16:00','Present',NULL,'2025-12-10 11:43:53'),(479,2,'2025-11-17','07:16:00','17:49:00','Present',NULL,'2025-12-10 11:43:53'),(481,20,'2025-11-16',NULL,NULL,'Absent',NULL,'2025-12-10 11:43:53'),(482,19,'2025-11-16',NULL,NULL,'Absent',NULL,'2025-12-10 11:43:53'),(483,18,'2025-11-16',NULL,NULL,'Absent',NULL,'2025-12-10 11:43:53'),(484,17,'2025-11-16',NULL,NULL,'Absent',NULL,'2025-12-10 11:43:53'),(485,16,'2025-11-16',NULL,NULL,'Absent',NULL,'2025-12-10 11:43:53'),(486,15,'2025-11-16',NULL,NULL,'Absent',NULL,'2025-12-10 11:43:53'),(487,14,'2025-11-16',NULL,NULL,'Absent',NULL,'2025-12-10 11:43:53'),(488,13,'2025-11-16',NULL,NULL,'Absent',NULL,'2025-12-10 11:43:53'),(489,12,'2025-11-16',NULL,NULL,'Absent',NULL,'2025-12-10 11:43:53'),(490,11,'2025-11-16',NULL,NULL,'Absent',NULL,'2025-12-10 11:43:53'),(491,10,'2025-11-16',NULL,NULL,'Absent',NULL,'2025-12-10 11:43:53'),(492,9,'2025-11-16',NULL,NULL,'Absent',NULL,'2025-12-10 11:43:53'),(493,8,'2025-11-16',NULL,NULL,'Absent',NULL,'2025-12-10 11:43:53'),(494,7,'2025-11-16',NULL,NULL,'Absent',NULL,'2025-12-10 11:43:53'),(495,6,'2025-11-16',NULL,NULL,'Absent',NULL,'2025-12-10 11:43:53'),(496,5,'2025-11-16',NULL,NULL,'Absent',NULL,'2025-12-10 11:43:53'),(497,4,'2025-11-16',NULL,NULL,'Absent',NULL,'2025-12-10 11:43:53'),(498,3,'2025-11-16',NULL,NULL,'Absent',NULL,'2025-12-10 11:43:53'),(499,2,'2025-11-16',NULL,NULL,'Absent',NULL,'2025-12-10 11:43:53'),(501,20,'2025-11-15',NULL,NULL,'Absent',NULL,'2025-12-10 11:43:53'),(502,19,'2025-11-15',NULL,NULL,'Absent',NULL,'2025-12-10 11:43:53'),(503,18,'2025-11-15',NULL,NULL,'Absent',NULL,'2025-12-10 11:43:53'),(504,17,'2025-11-15',NULL,NULL,'Absent',NULL,'2025-12-10 11:43:53'),(505,16,'2025-11-15',NULL,NULL,'Absent',NULL,'2025-12-10 11:43:53'),(506,15,'2025-11-15',NULL,NULL,'Absent',NULL,'2025-12-10 11:43:53'),(507,14,'2025-11-15',NULL,NULL,'Absent',NULL,'2025-12-10 11:43:53'),(508,13,'2025-11-15',NULL,NULL,'Absent',NULL,'2025-12-10 11:43:53'),(509,12,'2025-11-15',NULL,NULL,'Absent',NULL,'2025-12-10 11:43:53'),(510,11,'2025-11-15',NULL,NULL,'Absent',NULL,'2025-12-10 11:43:53'),(511,10,'2025-11-15',NULL,NULL,'Absent',NULL,'2025-12-10 11:43:53'),(512,9,'2025-11-15',NULL,NULL,'Absent',NULL,'2025-12-10 11:43:53'),(513,8,'2025-11-15',NULL,NULL,'Absent',NULL,'2025-12-10 11:43:53'),(514,7,'2025-11-15',NULL,NULL,'Absent',NULL,'2025-12-10 11:43:53'),(515,6,'2025-11-15',NULL,NULL,'Absent',NULL,'2025-12-10 11:43:53'),(516,5,'2025-11-15',NULL,NULL,'Absent',NULL,'2025-12-10 11:43:53'),(517,4,'2025-11-15',NULL,NULL,'Absent',NULL,'2025-12-10 11:43:53'),(518,3,'2025-11-15',NULL,NULL,'Absent',NULL,'2025-12-10 11:43:53'),(519,2,'2025-11-15',NULL,NULL,'Absent',NULL,'2025-12-10 11:43:53'),(521,20,'2025-11-14','08:23:00','17:20:00','Present',NULL,'2025-12-10 11:43:53'),(522,19,'2025-11-14','07:05:00','18:33:00','Present',NULL,'2025-12-10 11:43:53'),(523,18,'2025-11-14','07:43:00','17:49:00','Present',NULL,'2025-12-10 11:43:53'),(524,17,'2025-11-14','08:10:00','17:45:00','Present',NULL,'2025-12-10 11:43:53'),(525,16,'2025-11-14','07:45:00','18:45:00','Present',NULL,'2025-12-10 11:43:53'),(526,15,'2025-11-14','07:29:00','17:28:00','Present',NULL,'2025-12-10 11:43:53'),(527,14,'2025-11-14','07:43:00','18:35:00','Present',NULL,'2025-12-10 11:43:53'),(528,13,'2025-11-14','07:40:00','17:32:00','Present',NULL,'2025-12-10 11:43:53'),(529,12,'2025-11-14','07:16:00','17:10:00','Present',NULL,'2025-12-10 11:43:53'),(530,11,'2025-11-14','07:53:00','18:16:00','Present',NULL,'2025-12-10 11:43:53'),(531,10,'2025-11-14','08:19:00','18:45:00','Present',NULL,'2025-12-10 11:43:53'),(532,9,'2025-11-14','08:29:00','18:25:00','Present',NULL,'2025-12-10 11:43:53'),(533,8,'2025-11-14','08:40:00','18:55:00','Present',NULL,'2025-12-10 11:43:53'),(534,7,'2025-11-14','08:31:00','18:39:00','Present',NULL,'2025-12-10 11:43:53'),(535,6,'2025-11-14','07:44:00','18:03:00','Present',NULL,'2025-12-10 11:43:53'),(536,5,'2025-11-14','07:24:00','17:22:00','Present',NULL,'2025-12-10 11:43:53'),(537,4,'2025-11-14','08:23:00','17:11:00','Present',NULL,'2025-12-10 11:43:53'),(538,3,'2025-11-14','08:09:00','17:05:00','Present',NULL,'2025-12-10 11:43:53'),(539,2,'2025-11-14','07:16:00','17:36:00','Present',NULL,'2025-12-10 11:43:53'),(541,20,'2025-11-13','07:58:00','18:56:00','Present',NULL,'2025-12-10 11:43:53'),(542,19,'2025-11-13','07:03:00','17:43:00','Present',NULL,'2025-12-10 11:43:53'),(543,18,'2025-11-13','07:13:00','18:38:00','Present',NULL,'2025-12-10 11:43:53'),(544,17,'2025-11-13','08:08:00','18:52:00','Present',NULL,'2025-12-10 11:43:53'),(545,16,'2025-11-13','08:19:00','17:18:00','Present',NULL,'2025-12-10 11:43:53'),(546,15,'2025-11-13','08:57:00','17:16:00','Present',NULL,'2025-12-10 11:43:53'),(547,14,'2025-11-13','07:48:00','18:57:00','Present',NULL,'2025-12-10 11:43:53'),(548,13,'2025-11-13','08:52:00','17:05:00','Present',NULL,'2025-12-10 11:43:53'),(549,12,'2025-11-13','07:55:00','17:40:00','Present',NULL,'2025-12-10 11:43:53'),(550,11,'2025-11-13','08:39:00','17:18:00','Present',NULL,'2025-12-10 11:43:53'),(551,10,'2025-11-13','07:56:00','17:13:00','Present',NULL,'2025-12-10 11:43:53'),(552,9,'2025-11-13','07:46:00','17:38:00','Present',NULL,'2025-12-10 11:43:53'),(553,8,'2025-11-13','07:12:00','18:19:00','Present',NULL,'2025-12-10 11:43:53'),(554,7,'2025-11-13','08:05:00','18:57:00','Present',NULL,'2025-12-10 11:43:53'),(555,6,'2025-11-13','08:11:00','18:14:00','Present',NULL,'2025-12-10 11:43:53'),(556,5,'2025-11-13','07:39:00','18:27:00','Present',NULL,'2025-12-10 11:43:53'),(557,4,'2025-11-13','08:39:00','17:19:00','Present',NULL,'2025-12-10 11:43:53'),(558,3,'2025-11-13','07:24:00','17:37:00','Present',NULL,'2025-12-10 11:43:53'),(559,2,'2025-11-13','08:22:00','18:19:00','Present',NULL,'2025-12-10 11:43:53'),(561,20,'2025-11-12','07:00:00','18:36:00','Present',NULL,'2025-12-10 11:43:53'),(562,19,'2025-11-12','07:36:00','17:04:00','Present',NULL,'2025-12-10 11:43:53'),(563,18,'2025-11-12','08:59:00','17:13:00','Present',NULL,'2025-12-10 11:43:53'),(564,17,'2025-11-12','08:09:00','18:10:00','Present',NULL,'2025-12-10 11:43:53'),(565,16,'2025-11-12','07:53:00','18:26:00','Present',NULL,'2025-12-10 11:43:53'),(566,15,'2025-11-12','07:21:00','18:41:00','Present',NULL,'2025-12-10 11:43:53'),(567,14,'2025-11-12','07:05:00','18:25:00','Present',NULL,'2025-12-10 11:43:53'),(568,13,'2025-11-12','08:07:00','17:43:00','Present',NULL,'2025-12-10 11:43:53'),(569,12,'2025-11-12','08:33:00','17:58:00','Present',NULL,'2025-12-10 11:43:53'),(570,11,'2025-11-12','08:40:00','18:01:00','Present',NULL,'2025-12-10 11:43:53'),(571,10,'2025-11-12','08:22:00','18:46:00','Present',NULL,'2025-12-10 11:43:53'),(572,9,'2025-11-12','08:32:00','18:08:00','Present',NULL,'2025-12-10 11:43:53'),(573,8,'2025-11-12','08:56:00','17:38:00','Present',NULL,'2025-12-10 11:43:53'),(574,7,'2025-11-12','08:38:00','17:32:00','Present',NULL,'2025-12-10 11:43:53'),(575,6,'2025-11-12','07:27:00','18:51:00','Present',NULL,'2025-12-10 11:43:53'),(576,5,'2025-11-12','07:02:00','17:06:00','Present',NULL,'2025-12-10 11:43:53'),(577,4,'2025-11-12','08:46:00','17:40:00','Present',NULL,'2025-12-10 11:43:53'),(578,3,'2025-11-12','07:48:00','18:09:00','Present',NULL,'2025-12-10 11:43:53'),(579,2,'2025-11-12','07:54:00','18:38:00','Present',NULL,'2025-12-10 11:43:53'),(581,20,'2025-11-11','07:06:00','17:01:00','Present',NULL,'2025-12-10 11:43:53'),(582,19,'2025-11-11','08:34:00','17:31:00','Present',NULL,'2025-12-10 11:43:53'),(583,18,'2025-11-11','07:47:00','18:17:00','Present',NULL,'2025-12-10 11:43:53'),(584,17,'2025-11-11','08:31:00','18:16:00','Present',NULL,'2025-12-10 11:43:53'),(585,16,'2025-11-11','07:26:00','18:05:00','Present',NULL,'2025-12-10 11:43:53'),(586,15,'2025-11-11','08:42:00','17:36:00','Present',NULL,'2025-12-10 11:43:53'),(587,14,'2025-11-11','08:04:00','18:01:00','Present',NULL,'2025-12-10 11:43:53'),(588,13,'2025-11-11','07:47:00','17:51:00','Present',NULL,'2025-12-10 11:43:53'),(589,12,'2025-11-11','08:16:00','17:28:00','Present',NULL,'2025-12-10 11:43:53'),(590,11,'2025-11-11','08:24:00','17:32:00','Present',NULL,'2025-12-10 11:43:53'),(591,10,'2025-11-11','07:46:00','17:43:00','Present',NULL,'2025-12-10 11:43:53'),(592,9,'2025-11-11','08:41:00','18:42:00','Present',NULL,'2025-12-10 11:43:53'),(593,8,'2025-11-11','07:17:00','18:15:00','Present',NULL,'2025-12-10 11:43:53'),(594,7,'2025-11-11','07:18:00','17:25:00','Present',NULL,'2025-12-10 11:43:53'),(595,6,'2025-11-11','07:23:00','18:32:00','Present',NULL,'2025-12-10 11:43:53'),(596,5,'2025-11-11','08:42:00','18:34:00','Present',NULL,'2025-12-10 11:43:53'),(597,4,'2025-11-11','07:31:00','17:47:00','Present',NULL,'2025-12-10 11:43:53'),(598,3,'2025-11-11','08:26:00','17:10:00','Present',NULL,'2025-12-10 11:43:53'),(599,2,'2025-11-11','07:13:00','17:41:00','Present',NULL,'2025-12-10 11:43:53');
/*!40000 ALTER TABLE `employee_attendance` ENABLE KEYS */;
UNLOCK TABLES;

--
-- Table structure for table `employee_documents`
--

DROP TABLE IF EXISTS `employee_documents`;
/*!40101 SET @saved_cs_client     = @@character_set_client */;
/*!50503 SET character_set_client = utf8mb4 */;
CREATE TABLE `employee_documents` (
  `id` int NOT NULL AUTO_INCREMENT,
  `employee_id` int NOT NULL,
  `document_type` varchar(50) COLLATE utf8mb4_unicode_ci NOT NULL,
  `document_name` varchar(100) COLLATE utf8mb4_unicode_ci NOT NULL,
  `file_path` varchar(255) COLLATE utf8mb4_unicode_ci NOT NULL,
  `file_size` int DEFAULT NULL,
  `uploaded_by` int DEFAULT NULL,
  `uploaded_at` timestamp NULL DEFAULT CURRENT_TIMESTAMP,
  PRIMARY KEY (`id`),
  KEY `uploaded_by` (`uploaded_by`),
  KEY `idx_employee_id` (`employee_id`),
  CONSTRAINT `employee_documents_ibfk_1` FOREIGN KEY (`employee_id`) REFERENCES `employees` (`id`) ON DELETE CASCADE,
  CONSTRAINT `employee_documents_ibfk_2` FOREIGN KEY (`uploaded_by`) REFERENCES `users` (`id`) ON DELETE SET NULL
) ENGINE=InnoDB DEFAULT CHARSET=utf8mb4 COLLATE=utf8mb4_unicode_ci;
/*!40101 SET character_set_client = @saved_cs_client */;

--
-- Dumping data for table `employee_documents`
--

LOCK TABLES `employee_documents` WRITE;
/*!40000 ALTER TABLE `employee_documents` DISABLE KEYS */;
/*!40000 ALTER TABLE `employee_documents` ENABLE KEYS */;
UNLOCK TABLES;

--
-- Table structure for table `employee_leave`
--

DROP TABLE IF EXISTS `employee_leave`;
/*!40101 SET @saved_cs_client     = @@character_set_client */;
/*!50503 SET character_set_client = utf8mb4 */;
CREATE TABLE `employee_leave` (
  `id` int NOT NULL AUTO_INCREMENT,
  `employee_id` int NOT NULL,
  `leave_type` enum('Annual','Sick','Personal','Unpaid') COLLATE utf8mb4_unicode_ci NOT NULL,
  `start_date` date NOT NULL,
  `end_date` date NOT NULL,
  `reason` text COLLATE utf8mb4_unicode_ci NOT NULL,
  `status` enum('Pending','Approved','Rejected') COLLATE utf8mb4_unicode_ci DEFAULT 'Pending',
  `approved_by` int DEFAULT NULL,
  `approved_at` timestamp NULL DEFAULT NULL,
  `created_at` timestamp NULL DEFAULT CURRENT_TIMESTAMP,
  `updated_at` timestamp NULL DEFAULT CURRENT_TIMESTAMP ON UPDATE CURRENT_TIMESTAMP,
  PRIMARY KEY (`id`),
  KEY `approved_by` (`approved_by`),
  KEY `idx_employee_id` (`employee_id`),
  KEY `idx_status` (`status`),
  KEY `idx_dates` (`start_date`,`end_date`),
  KEY `idx_leave_emp_status` (`employee_id`,`status`),
  KEY `idx_leave_dates_status` (`start_date`,`end_date`,`status`),
  CONSTRAINT `employee_leave_ibfk_1` FOREIGN KEY (`employee_id`) REFERENCES `employees` (`id`) ON DELETE CASCADE,
  CONSTRAINT `employee_leave_ibfk_2` FOREIGN KEY (`approved_by`) REFERENCES `users` (`id`) ON DELETE SET NULL
) ENGINE=InnoDB AUTO_INCREMENT=12 DEFAULT CHARSET=utf8mb4 COLLATE=utf8mb4_unicode_ci;
/*!40101 SET character_set_client = @saved_cs_client */;

--
-- Dumping data for table `employee_leave`
--

LOCK TABLES `employee_leave` WRITE;
/*!40000 ALTER TABLE `employee_leave` DISABLE KEYS */;
INSERT INTO `employee_leave` VALUES (2,3,'Sick','2024-11-15','2024-11-16','Flu and fever','Approved',2,'2025-12-10 11:43:53','2025-12-10 11:43:53','2025-12-10 11:43:53'),(3,5,'Annual','2024-12-15','2024-12-22','Holiday vacation','Approved',2,'2025-12-10 11:43:53','2025-12-10 11:43:53','2025-12-10 11:43:53'),(4,7,'Personal','2024-11-20','2024-11-20','Personal matters','Approved',2,'2025-12-10 11:43:53','2025-12-10 11:43:53','2025-12-10 11:43:53'),(5,10,'Annual','2024-12-10','2024-12-14','Family vacation','Approved',2,'2025-12-10 11:43:53','2025-12-10 11:43:53','2025-12-10 11:43:53'),(6,2,'Annual','2025-01-05','2025-01-10','New Year vacation planning','Pending',NULL,NULL,'2025-12-10 11:43:53','2025-12-10 11:43:53'),(7,4,'Annual','2025-01-15','2025-01-20','Personal time off','Pending',NULL,NULL,'2025-12-10 11:43:53','2025-12-10 11:43:53'),(8,6,'Sick','2024-12-11','2024-12-12','Medical checkup','Pending',NULL,NULL,'2025-12-10 11:43:53','2025-12-10 11:43:53'),(9,8,'Annual','2025-02-01','2025-02-07','Extended weekend trip','Pending',NULL,NULL,'2025-12-10 11:43:53','2025-12-10 11:43:53'),(10,12,'Annual','2024-12-05','2024-12-10','Want to extend weekend','Rejected',2,'2025-12-10 11:43:53','2025-12-10 11:43:53','2025-12-10 11:43:53'),(11,15,'Personal','2024-11-25','2024-11-26','Personal business','Rejected',2,'2025-12-10 11:43:53','2025-12-10 11:43:53','2025-12-10 11:43:53');
/*!40000 ALTER TABLE `employee_leave` ENABLE KEYS */;
UNLOCK TABLES;

--
-- Table structure for table `employees`
--

DROP TABLE IF EXISTS `employees`;
/*!40101 SET @saved_cs_client     = @@character_set_client */;
/*!50503 SET character_set_client = utf8mb4 */;
CREATE TABLE `employees` (
  `id` int NOT NULL AUTO_INCREMENT,
  `employee_code` varchar(20) COLLATE utf8mb4_unicode_ci NOT NULL,
  `full_name` varchar(100) COLLATE utf8mb4_unicode_ci NOT NULL,
  `email` varchar(100) COLLATE utf8mb4_unicode_ci NOT NULL,
  `phone` varchar(20) COLLATE utf8mb4_unicode_ci DEFAULT NULL,
  `address` text COLLATE utf8mb4_unicode_ci,
  `position` varchar(50) COLLATE utf8mb4_unicode_ci NOT NULL,
  `department` varchar(50) COLLATE utf8mb4_unicode_ci NOT NULL,
  `salary` decimal(15,2) DEFAULT NULL,
  `hire_date` date NOT NULL,
  `birth_date` date DEFAULT NULL,
  `gender` enum('Male','Female') COLLATE utf8mb4_unicode_ci NOT NULL,
  `photo` varchar(255) COLLATE utf8mb4_unicode_ci DEFAULT NULL,
  `status` enum('Active','Inactive','Resigned') COLLATE utf8mb4_unicode_ci DEFAULT 'Active',
  `created_by` int DEFAULT NULL,
  `created_at` timestamp NULL DEFAULT CURRENT_TIMESTAMP,
  `updated_at` timestamp NULL DEFAULT CURRENT_TIMESTAMP ON UPDATE CURRENT_TIMESTAMP,
  PRIMARY KEY (`id`),
  UNIQUE KEY `employee_code` (`employee_code`),
  UNIQUE KEY `email` (`email`),
  KEY `created_by` (`created_by`),
  KEY `idx_employee_code` (`employee_code`),
  KEY `idx_email` (`email`),
  KEY `idx_department` (`department`),
  KEY `idx_status` (`status`),
  KEY `idx_employee_dept_status` (`department`,`status`),
  KEY `idx_employee_position_dept` (`position`,`department`),
  CONSTRAINT `employees_ibfk_1` FOREIGN KEY (`created_by`) REFERENCES `users` (`id`) ON DELETE SET NULL
) ENGINE=InnoDB AUTO_INCREMENT=26 DEFAULT CHARSET=utf8mb4 COLLATE=utf8mb4_unicode_ci;
/*!40101 SET character_set_client = @saved_cs_client */;

--
-- Dumping data for table `employees`
--

LOCK TABLES `employees` WRITE;
/*!40000 ALTER TABLE `employees` DISABLE KEYS */;
INSERT INTO `employees` VALUES (2,'EMP-2024-002','Jane Smith','jane.smith@company.com','+62812345679','Jl. Thamrin No. 45, Jakarta','DevOps Engineer','IT',14000000.00,'2020-03-10','1992-08-15','Female',NULL,'Active',1,'2025-12-10 11:43:53','2025-12-10 11:43:53'),(3,'EMP-2024-003','Michael Johnson','michael.j@company.com','+62812345680','Jl. Gatot Subroto No. 67, Jakarta','Frontend Developer','IT',12000000.00,'2021-06-01','1995-03-12','Male',NULL,'Active',1,'2025-12-10 11:43:53','2025-12-10 11:43:53'),(4,'EMP-2024-004','Sarah Williams','sarah.w@company.com','+62812345681','Jl. Kuningan No. 89, Jakarta','Backend Developer','IT',13000000.00,'2021-09-15','1993-11-25','Female',NULL,'Active',1,'2025-12-10 11:43:53','2025-12-10 11:43:53'),(5,'EMP-2024-005','David Brown','david.b@company.com','+62812345682','Jl. Rasuna Said No. 12, Jakarta','UI/UX Designer','IT',11000000.00,'2022-02-20','1994-07-08','Male',NULL,'Active',1,'2025-12-10 11:43:53','2025-12-10 11:43:53'),(6,'EMP-2024-006','Emily Davis','emily.d@company.com','+62812345683','Jl. HR Rasuna No. 34, Jakarta','HR Manager','HR',16000000.00,'2019-04-10','1988-02-14','Female',NULL,'Active',1,'2025-12-10 11:43:53','2025-12-10 11:43:53'),(7,'EMP-2024-007','Robert Miller','robert.m@company.com','+62812345684','Jl. Senopati No. 56, Jakarta','Recruitment Specialist','HR',10000000.00,'2021-11-05','1991-09-30','Male',NULL,'Active',1,'2025-12-10 11:43:53','2025-12-10 11:43:53'),(8,'EMP-2024-008','Jennifer Wilson','jennifer.w@company.com','+62812345685','Jl. Kemang No. 78, Jakarta','HR Officer','HR',9000000.00,'2022-05-15','1996-12-18','Female',NULL,'Active',1,'2025-12-10 11:43:53','2025-12-10 11:43:53'),(9,'EMP-2024-009','James Moore','james.m@company.com','+62812345686','Jl. Sudirman No. 90, Jakarta','Finance Manager','Finance',18000000.00,'2018-08-20','1985-04-22','Male',NULL,'Active',1,'2025-12-10 11:43:53','2025-12-10 11:43:53'),(10,'EMP-2024-010','Patricia Taylor','patricia.t@company.com','+62812345687','Jl. MH Thamrin No. 23, Jakarta','Accountant','Finance',12000000.00,'2020-07-12','1990-10-05','Female',NULL,'Active',1,'2025-12-10 11:43:53','2025-12-10 11:43:53'),(11,'EMP-2024-011','Christopher Anderson','chris.a@company.com','+62812345688','Jl. Gatot Subroto No. 45, Jakarta','Financial Analyst','Finance',11000000.00,'2021-03-08','1992-06-17','Male',NULL,'Active',1,'2025-12-10 11:43:53','2025-12-10 11:43:53'),(12,'EMP-2024-012','Jessica Thomas','jessica.t@company.com','+62812345689','Jl. Kuningan No. 67, Jakarta','Marketing Manager','Marketing',17000000.00,'2019-10-15','1987-08-28','Female',NULL,'Active',1,'2025-12-10 11:43:53','2025-12-10 11:43:53'),(13,'EMP-2024-013','Matthew Jackson','matthew.j@company.com','+62812345690','Jl. Blok M No. 89, Jakarta','Digital Marketing Specialist','Marketing',10000000.00,'2021-12-01','1993-03-15','Male',NULL,'Active',1,'2025-12-10 11:43:53','2025-12-10 11:43:53'),(14,'EMP-2024-014','Ashley White','ashley.w@company.com','+62812345691','Jl. Tebet No. 12, Jakarta','Content Writer','Marketing',8000000.00,'2022-04-10','1995-11-20','Female',NULL,'Active',1,'2025-12-10 11:43:53','2025-12-10 11:43:53'),(15,'EMP-2024-015','Daniel Harris','daniel.h@company.com','+62812345692','Jl. Menteng No. 34, Jakarta','Sales Manager','Sales',17000000.00,'2019-02-20','1986-05-12','Male',NULL,'Active',1,'2025-12-10 11:43:53','2025-12-10 11:43:53'),(16,'EMP-2024-016','Amanda Martin','amanda.m@company.com','+62812345693','Jl. Cikini No. 56, Jakarta','Sales Executive','Sales',11000000.00,'2020-09-18','1991-07-25','Female',NULL,'Active',1,'2025-12-10 11:43:53','2025-12-10 11:43:53'),(17,'EMP-2024-017','Joshua Thompson','joshua.t@company.com','+62812345694','Jl. Cempaka Putih No. 78, Jakarta','Sales Executive','Sales',11000000.00,'2021-07-22','1994-01-08','Male',NULL,'Active',1,'2025-12-10 11:43:53','2025-12-10 11:43:53'),(18,'EMP-2024-018','Melissa Garcia','melissa.g@company.com','+62812345695','Jl. Kelapa Gading No. 90, Jakarta','Operations Manager','Operations',16000000.00,'2019-06-05','1988-09-14','Female',NULL,'Active',1,'2025-12-10 11:43:53','2025-12-10 11:43:53'),(19,'EMP-2024-019','Andrew Martinez','andrew.m@company.com','+62812345696','Jl. Sunter No. 23, Jakarta','Operations Officer','Operations',9000000.00,'2021-10-12','1993-12-03','Male',NULL,'Active',1,'2025-12-10 11:43:53','2025-12-10 11:43:53'),(20,'EMP-2024-020','Stephanie Robinson','stephanie.r@company.com','+62812345697','Jl. Pulo Gadung No. 45, Jakarta','Logistics Coordinator','Operations',8500000.00,'2022-03-15','1995-04-28','Female',NULL,'Active',1,'2025-12-10 11:43:53','2025-12-10 11:43:53'),(21,'EMP-2023-021','Thomas Clark','thomas.c@company.com','+62812345698','Jl. Kemayoran No. 67, Jakarta','Former Developer','IT',12000000.00,'2020-05-10','1991-08-19','Male',NULL,'Resigned',1,'2025-12-10 11:43:53','2025-12-10 11:43:53'),(22,'EMP-2023-022','Lisa Rodriguez','lisa.r@company.com','+62812345699','Jl. Senen No. 89, Jakarta','Former HR Staff','HR',8000000.00,'2021-01-20','1994-02-11','Female',NULL,'Inactive',1,'2025-12-10 11:43:53','2025-12-10 11:43:53'),(23,'RUCIKA12','Haji Santos','santos@mail.com','08492717891','santos','Developer','IT',NULL,'2025-03-29','1999-12-11','Male',NULL,'Active',1,'2025-12-10 17:22:31','2025-12-10 17:48:40'),(24,'RUCIKA1232','Damonoss','darmo@mail.com','083912','weewas','Developer','IT',40000000.00,'2025-11-30','1999-12-02','Male',NULL,'Active',1,'2025-12-10 19:23:23','2025-12-10 20:00:49'),(25,'RUCIKA12324132','asds','dasdas@mail.com','048301','as','Analyst','Operations',40000000.00,'2025-12-02','1995-02-27','Male','employee-1765397214239-558589821.jpg','Active',1,'2025-12-10 20:02:14','2025-12-10 20:23:50');
/*!40000 ALTER TABLE `employees` ENABLE KEYS */;
UNLOCK TABLES;

--
-- Table structure for table `menu_permissions`
--

DROP TABLE IF EXISTS `menu_permissions`;
/*!40101 SET @saved_cs_client     = @@character_set_client */;
/*!50503 SET character_set_client = utf8mb4 */;
CREATE TABLE `menu_permissions` (
  `id` int NOT NULL AUTO_INCREMENT,
  `menu_id` int NOT NULL,
  `role` enum('super_admin','admin','manager','user') COLLATE utf8mb4_unicode_ci NOT NULL,
  `created_at` timestamp NULL DEFAULT CURRENT_TIMESTAMP,
  PRIMARY KEY (`id`),
  UNIQUE KEY `unique_menu_role` (`menu_id`,`role`),
  KEY `idx_role` (`role`),
  CONSTRAINT `menu_permissions_ibfk_1` FOREIGN KEY (`menu_id`) REFERENCES `menus` (`id`) ON DELETE CASCADE
) ENGINE=InnoDB AUTO_INCREMENT=104 DEFAULT CHARSET=utf8mb4 COLLATE=utf8mb4_unicode_ci;
/*!40101 SET character_set_client = @saved_cs_client */;

--
-- Dumping data for table `menu_permissions`
--

LOCK TABLES `menu_permissions` WRITE;
/*!40000 ALTER TABLE `menu_permissions` DISABLE KEYS */;
INSERT INTO `menu_permissions` VALUES (1,1,'super_admin','2025-12-10 11:43:53'),(2,2,'super_admin','2025-12-10 11:43:53'),(3,3,'super_admin','2025-12-10 11:43:53'),(4,4,'super_admin','2025-12-10 11:43:53'),(5,5,'super_admin','2025-12-10 11:43:53'),(6,6,'super_admin','2025-12-10 11:43:53'),(7,7,'super_admin','2025-12-10 11:43:53'),(8,8,'super_admin','2025-12-10 11:43:53'),(9,9,'super_admin','2025-12-10 11:43:53'),(10,10,'super_admin','2025-12-10 11:43:53'),(11,11,'super_admin','2025-12-10 11:43:53'),(12,12,'super_admin','2025-12-10 11:43:53'),(13,13,'super_admin','2025-12-10 11:43:53'),(14,14,'super_admin','2025-12-10 11:43:53'),(15,15,'super_admin','2025-12-10 11:43:53'),(16,16,'super_admin','2025-12-10 11:43:53'),(17,17,'super_admin','2025-12-10 11:43:53'),(18,18,'super_admin','2025-12-10 11:43:53'),(19,19,'super_admin','2025-12-10 11:43:53'),(20,20,'super_admin','2025-12-10 11:43:53'),(21,21,'super_admin','2025-12-10 11:43:53'),(22,22,'super_admin','2025-12-10 11:43:53'),(23,23,'super_admin','2025-12-10 11:43:53'),(24,24,'super_admin','2025-12-10 11:43:53'),(25,25,'super_admin','2025-12-10 11:43:53'),(26,26,'super_admin','2025-12-10 11:43:53'),(27,27,'super_admin','2025-12-10 11:43:53'),(28,28,'super_admin','2025-12-10 11:43:53'),(29,29,'super_admin','2025-12-10 11:43:53'),(32,1,'admin','2025-12-10 11:43:53'),(33,2,'admin','2025-12-10 11:43:53'),(34,3,'admin','2025-12-10 11:43:53'),(35,4,'admin','2025-12-10 11:43:53'),(36,5,'admin','2025-12-10 11:43:53'),(37,6,'admin','2025-12-10 11:43:53'),(38,7,'admin','2025-12-10 11:43:53'),(39,8,'admin','2025-12-10 11:43:53'),(40,9,'admin','2025-12-10 11:43:53'),(41,11,'admin','2025-12-10 11:43:53'),(42,12,'admin','2025-12-10 11:43:53'),(43,13,'admin','2025-12-10 11:43:53'),(44,14,'admin','2025-12-10 11:43:53'),(45,15,'admin','2025-12-10 11:43:53'),(46,16,'admin','2025-12-10 11:43:53'),(47,17,'admin','2025-12-10 11:43:53'),(48,18,'admin','2025-12-10 11:43:53'),(49,19,'admin','2025-12-10 11:43:53'),(50,20,'admin','2025-12-10 11:43:53'),(51,21,'admin','2025-12-10 11:43:53'),(52,22,'admin','2025-12-10 11:43:53'),(53,23,'admin','2025-12-10 11:43:53'),(54,24,'admin','2025-12-10 11:43:53'),(55,25,'admin','2025-12-10 11:43:53'),(56,26,'admin','2025-12-10 11:43:53'),(57,27,'admin','2025-12-10 11:43:53'),(58,29,'admin','2025-12-10 11:43:53'),(63,1,'manager','2025-12-10 11:43:53'),(64,3,'manager','2025-12-10 11:43:53'),(65,4,'manager','2025-12-10 11:43:53'),(66,5,'manager','2025-12-10 11:43:53'),(67,6,'manager','2025-12-10 11:43:53'),(68,7,'manager','2025-12-10 11:43:53'),(69,11,'manager','2025-12-10 11:43:53'),(70,12,'manager','2025-12-10 11:43:53'),(71,13,'manager','2025-12-10 11:43:53'),(72,14,'manager','2025-12-10 11:43:53'),(73,15,'manager','2025-12-10 11:43:53'),(74,16,'manager','2025-12-10 11:43:53'),(75,17,'manager','2025-12-10 11:43:53'),(76,18,'manager','2025-12-10 11:43:53'),(77,20,'manager','2025-12-10 11:43:53'),(78,21,'manager','2025-12-10 11:43:53'),(79,22,'manager','2025-12-10 11:43:53'),(80,23,'manager','2025-12-10 11:43:53'),(81,24,'manager','2025-12-10 11:43:53'),(82,26,'manager','2025-12-10 11:43:53'),(94,1,'user','2025-12-10 11:43:53'),(95,3,'user','2025-12-10 11:43:53'),(96,4,'user','2025-12-10 11:43:53'),(97,5,'user','2025-12-10 11:43:53'),(98,7,'user','2025-12-10 11:43:53'),(99,11,'user','2025-12-10 11:43:53'),(100,15,'user','2025-12-10 11:43:53'),(101,18,'user','2025-12-10 11:43:53'),(102,19,'user','2025-12-10 11:43:53'),(103,26,'user','2025-12-10 11:43:53');
/*!40000 ALTER TABLE `menu_permissions` ENABLE KEYS */;
UNLOCK TABLES;

--
-- Table structure for table `menus`
--

DROP TABLE IF EXISTS `menus`;
/*!40101 SET @saved_cs_client     = @@character_set_client */;
/*!50503 SET character_set_client = utf8mb4 */;
CREATE TABLE `menus` (
  `id` int NOT NULL AUTO_INCREMENT,
  `parent_id` int DEFAULT NULL,
  `name` varchar(100) COLLATE utf8mb4_unicode_ci NOT NULL,
  `display_name` varchar(100) COLLATE utf8mb4_unicode_ci NOT NULL,
  `icon` varchar(50) COLLATE utf8mb4_unicode_ci DEFAULT NULL,
  `url` varchar(255) COLLATE utf8mb4_unicode_ci DEFAULT NULL,
  `order_no` int DEFAULT '0',
  `is_active` tinyint(1) DEFAULT '1',
  `created_at` timestamp NULL DEFAULT CURRENT_TIMESTAMP,
  `updated_at` timestamp NULL DEFAULT CURRENT_TIMESTAMP ON UPDATE CURRENT_TIMESTAMP,
  PRIMARY KEY (`id`),
  KEY `idx_parent_id` (`parent_id`),
  KEY `idx_order_no` (`order_no`),
  CONSTRAINT `menus_ibfk_1` FOREIGN KEY (`parent_id`) REFERENCES `menus` (`id`) ON DELETE CASCADE
) ENGINE=InnoDB AUTO_INCREMENT=30 DEFAULT CHARSET=utf8mb4 COLLATE=utf8mb4_unicode_ci;
/*!40101 SET character_set_client = @saved_cs_client */;

--
-- Dumping data for table `menus`
--

LOCK TABLES `menus` WRITE;
/*!40000 ALTER TABLE `menus` DISABLE KEYS */;
INSERT INTO `menus` VALUES (1,NULL,'dashboard','Dashboard','bi-speedometer2','/dashboard',1,1,'2025-12-10 11:43:53','2025-12-10 11:43:53'),(2,NULL,'user_management','User Management','bi-people',NULL,2,1,'2025-12-10 11:43:53','2025-12-10 11:43:53'),(3,NULL,'employee_management','Employee Management','bi-person-badge',NULL,3,1,'2025-12-10 11:43:53','2025-12-10 11:43:53'),(4,NULL,'attendance','Attendance','bi-calendar-check',NULL,4,1,'2025-12-10 11:43:53','2025-12-10 11:43:53'),(5,NULL,'leave','Leave Management','bi-calendar-x',NULL,5,1,'2025-12-10 11:43:53','2025-12-10 11:43:53'),(6,NULL,'reports','Reports','bi-graph-up',NULL,6,1,'2025-12-10 11:43:53','2025-12-10 11:43:53'),(7,NULL,'settings','Settings','bi-gear',NULL,7,1,'2025-12-10 11:43:53','2025-12-10 11:43:53'),(8,2,'users_list','User List','bi-list-ul','/users',1,1,'2025-12-10 11:43:53','2025-12-10 11:58:08'),(9,2,'users_create','Create User','bi-person-plus','/users/create',2,1,'2025-12-10 11:43:53','2025-12-10 11:43:53'),(10,2,'roles_permissions','Roles & Permissions','bi-shield-lock','/users/permissions',3,1,'2025-12-10 11:43:53','2025-12-10 11:43:53'),(11,3,'employees_list','Employee List','bi-list-ul','/employees',1,1,'2025-12-10 11:43:53','2025-12-10 11:43:53'),(12,3,'employees_create','Add Employee','bi-person-plus-fill','/employees/create',2,1,'2025-12-10 11:43:53','2025-12-10 11:43:53'),(13,3,'employees_documents','Documents','bi-file-earmark-text','/employees/documents',3,1,'2025-12-10 11:43:53','2025-12-10 11:43:53'),(14,3,'employees_stats','Statistics','bi-bar-chart','/employees/stats',4,1,'2025-12-10 11:43:53','2025-12-10 11:43:53'),(15,4,'attendance_list','Attendance List','bi-list-check','/attendance',1,1,'2025-12-10 11:43:53','2025-12-10 11:43:53'),(16,4,'attendance_create','Mark Attendance','bi-check-circle','/attendance/create',2,1,'2025-12-10 11:43:53','2025-12-10 11:43:53'),(17,4,'attendance_report','Attendance Report','bi-file-text','/attendance/report',3,1,'2025-12-10 11:43:53','2025-12-10 11:43:53'),(18,5,'leave_list','Leave Requests','bi-list-ul','/leave',1,1,'2025-12-10 11:43:53','2025-12-10 11:43:53'),(19,5,'leave_create','Apply Leave','bi-plus-circle','/leave/create',2,1,'2025-12-10 11:43:53','2025-12-10 11:43:53'),(20,5,'leave_approval','Leave Approval','bi-check2-square','/leave/approval',3,1,'2025-12-10 11:43:53','2025-12-10 11:43:53'),(21,5,'leave_calendar','Leave Calendar','bi-calendar3','/leave/calendar',4,1,'2025-12-10 11:43:53','2025-12-10 11:43:53'),(22,6,'reports_employee','Employee Report','bi-people-fill','/reports/employees',1,1,'2025-12-10 11:43:53','2025-12-10 11:43:53'),(23,6,'reports_attendance','Attendance Report','bi-calendar2-week','/reports/attendance',2,1,'2025-12-10 11:43:53','2025-12-10 11:43:53'),(24,6,'reports_leave','Leave Report','bi-calendar-x-fill','/reports/leave',3,1,'2025-12-10 11:43:53','2025-12-10 11:43:53'),(25,6,'reports_salary','Salary Report','bi-cash-stack','/reports/salary',4,1,'2025-12-10 11:43:53','2025-12-10 11:43:53'),(26,7,'settings_profile','Profile Settings','bi-person-circle','/settings/profile',1,1,'2025-12-10 11:43:53','2025-12-10 11:43:53'),(27,7,'settings_system','System Settings','bi-sliders','/settings/system',2,1,'2025-12-10 11:43:53','2025-12-10 11:43:53'),(28,7,'settings_menu','Menu Management','bi-menu-button-wide','/settings/menus',3,1,'2025-12-10 11:43:53','2025-12-10 11:43:53'),(29,7,'activity_logs','Activity Logs','bi-clock-history','/settings/logs',4,1,'2025-12-10 11:43:53','2025-12-10 11:43:53');
/*!40000 ALTER TABLE `menus` ENABLE KEYS */;
UNLOCK TABLES;

--
-- Table structure for table `permissions`
--

DROP TABLE IF EXISTS `permissions`;
/*!40101 SET @saved_cs_client     = @@character_set_client */;
/*!50503 SET character_set_client = utf8mb4 */;
CREATE TABLE `permissions` (
  `id` int NOT NULL AUTO_INCREMENT,
  `name` varchar(100) COLLATE utf8mb4_unicode_ci NOT NULL,
  `display_name` varchar(100) COLLATE utf8mb4_unicode_ci NOT NULL,
  `description` text COLLATE utf8mb4_unicode_ci,
  `module` varchar(50) COLLATE utf8mb4_unicode_ci NOT NULL,
  `created_at` timestamp NULL DEFAULT CURRENT_TIMESTAMP,
  PRIMARY KEY (`id`),
  UNIQUE KEY `name` (`name`),
  KEY `idx_module` (`module`)
) ENGINE=InnoDB AUTO_INCREMENT=30 DEFAULT CHARSET=utf8mb4 COLLATE=utf8mb4_unicode_ci;
/*!40101 SET character_set_client = @saved_cs_client */;

--
-- Dumping data for table `permissions`
--

LOCK TABLES `permissions` WRITE;
/*!40000 ALTER TABLE `permissions` DISABLE KEYS */;
INSERT INTO `permissions` VALUES (1,'dashboard.view','View Dashboard','Can view dashboard','dashboard','2025-12-10 11:43:53'),(2,'users.view','View Users','Can view user list','users','2025-12-10 11:43:53'),(3,'users.create','Create User','Can create new users','users','2025-12-10 11:43:53'),(4,'users.edit','Edit User','Can edit user information','users','2025-12-10 11:43:53'),(5,'users.delete','Delete User','Can delete users','users','2025-12-10 11:43:53'),(6,'employees.view','View Employees','Can view employee list','employees','2025-12-10 11:43:53'),(7,'employees.create','Create Employee','Can create new employees','employees','2025-12-10 11:43:53'),(8,'employees.edit','Edit Employee','Can edit employee information','employees','2025-12-10 11:43:53'),(9,'employees.delete','Delete Employee','Can delete employees','employees','2025-12-10 11:43:53'),(10,'employees.export','Export Employees','Can export employee data','employees','2025-12-10 11:43:53'),(11,'documents.view','View Documents','Can view employee documents','documents','2025-12-10 11:43:53'),(12,'documents.upload','Upload Documents','Can upload documents','documents','2025-12-10 11:43:53'),(13,'documents.download','Download Documents','Can download documents','documents','2025-12-10 11:43:53'),(14,'documents.delete','Delete Documents','Can delete documents','documents','2025-12-10 11:43:53'),(15,'attendance.view','View Attendance','Can view attendance records','attendance','2025-12-10 11:43:53'),(16,'attendance.create','Create Attendance','Can create attendance records','attendance','2025-12-10 11:43:53'),(17,'attendance.edit','Edit Attendance','Can edit attendance records','attendance','2025-12-10 11:43:53'),(18,'attendance.delete','Delete Attendance','Can delete attendance records','attendance','2025-12-10 11:43:53'),(19,'leave.view','View Leave','Can view leave requests','leave','2025-12-10 11:43:53'),(20,'leave.create','Create Leave','Can create leave requests','leave','2025-12-10 11:43:53'),(21,'leave.approve','Approve Leave','Can approve/reject leave requests','leave','2025-12-10 11:43:53'),(22,'leave.delete','Delete Leave','Can delete leave requests','leave','2025-12-10 11:43:53'),(23,'reports.view','View Reports','Can view reports','reports','2025-12-10 11:43:53'),(24,'reports.export','Export Reports','Can export reports','reports','2025-12-10 11:43:53'),(25,'settings.view','View Settings','Can view settings','settings','2025-12-10 11:43:53'),(26,'settings.edit','Edit Settings','Can edit settings','settings','2025-12-10 11:43:53'),(27,'permissions.view','View Permissions','Can view permissions','permissions','2025-12-10 11:43:53'),(28,'permissions.edit','Edit Permissions','Can edit role permissions','permissions','2025-12-10 11:43:53'),(29,'logs.view','View Activity Logs','Can view activity logs','logs','2025-12-10 11:43:53');
/*!40000 ALTER TABLE `permissions` ENABLE KEYS */;
UNLOCK TABLES;

--
-- Table structure for table `role_permissions`
--

DROP TABLE IF EXISTS `role_permissions`;
/*!40101 SET @saved_cs_client     = @@character_set_client */;
/*!50503 SET character_set_client = utf8mb4 */;
CREATE TABLE `role_permissions` (
  `id` int NOT NULL AUTO_INCREMENT,
  `role` enum('super_admin','admin','manager','user') COLLATE utf8mb4_unicode_ci NOT NULL,
  `permission_id` int NOT NULL,
  `created_at` timestamp NULL DEFAULT CURRENT_TIMESTAMP,
  PRIMARY KEY (`id`),
  UNIQUE KEY `unique_role_permission` (`role`,`permission_id`),
  KEY `permission_id` (`permission_id`),
  KEY `idx_role` (`role`),
  CONSTRAINT `role_permissions_ibfk_1` FOREIGN KEY (`permission_id`) REFERENCES `permissions` (`id`) ON DELETE CASCADE
) ENGINE=InnoDB AUTO_INCREMENT=85 DEFAULT CHARSET=utf8mb4 COLLATE=utf8mb4_unicode_ci;
/*!40101 SET character_set_client = @saved_cs_client */;

--
-- Dumping data for table `role_permissions`
--

LOCK TABLES `role_permissions` WRITE;
/*!40000 ALTER TABLE `role_permissions` DISABLE KEYS */;
INSERT INTO `role_permissions` VALUES (1,'super_admin',15,'2025-12-10 11:43:53'),(2,'super_admin',16,'2025-12-10 11:43:53'),(3,'super_admin',17,'2025-12-10 11:43:53'),(4,'super_admin',18,'2025-12-10 11:43:53'),(5,'super_admin',1,'2025-12-10 11:43:53'),(6,'super_admin',11,'2025-12-10 11:43:53'),(7,'super_admin',12,'2025-12-10 11:43:53'),(8,'super_admin',13,'2025-12-10 11:43:53'),(9,'super_admin',14,'2025-12-10 11:43:53'),(10,'super_admin',6,'2025-12-10 11:43:53'),(11,'super_admin',7,'2025-12-10 11:43:53'),(12,'super_admin',8,'2025-12-10 11:43:53'),(13,'super_admin',9,'2025-12-10 11:43:53'),(14,'super_admin',10,'2025-12-10 11:43:53'),(15,'super_admin',19,'2025-12-10 11:43:53'),(16,'super_admin',20,'2025-12-10 11:43:53'),(17,'super_admin',21,'2025-12-10 11:43:53'),(18,'super_admin',22,'2025-12-10 11:43:53'),(19,'super_admin',29,'2025-12-10 11:43:53'),(20,'super_admin',27,'2025-12-10 11:43:53'),(21,'super_admin',28,'2025-12-10 11:43:53'),(22,'super_admin',23,'2025-12-10 11:43:53'),(23,'super_admin',24,'2025-12-10 11:43:53'),(24,'super_admin',25,'2025-12-10 11:43:53'),(25,'super_admin',26,'2025-12-10 11:43:53'),(26,'super_admin',2,'2025-12-10 11:43:53'),(27,'super_admin',3,'2025-12-10 11:43:53'),(28,'super_admin',4,'2025-12-10 11:43:53'),(29,'super_admin',5,'2025-12-10 11:43:53'),(32,'admin',16,'2025-12-10 11:43:53'),(33,'admin',18,'2025-12-10 11:43:53'),(34,'admin',17,'2025-12-10 11:43:53'),(35,'admin',15,'2025-12-10 11:43:53'),(36,'admin',1,'2025-12-10 11:43:53'),(37,'admin',14,'2025-12-10 11:43:53'),(38,'admin',13,'2025-12-10 11:43:53'),(39,'admin',12,'2025-12-10 11:43:53'),(40,'admin',11,'2025-12-10 11:43:53'),(41,'admin',7,'2025-12-10 11:43:53'),(42,'admin',9,'2025-12-10 11:43:53'),(43,'admin',8,'2025-12-10 11:43:53'),(44,'admin',10,'2025-12-10 11:43:53'),(45,'admin',6,'2025-12-10 11:43:53'),(46,'admin',21,'2025-12-10 11:43:53'),(47,'admin',20,'2025-12-10 11:43:53'),(48,'admin',22,'2025-12-10 11:43:53'),(49,'admin',19,'2025-12-10 11:43:53'),(50,'admin',29,'2025-12-10 11:43:53'),(51,'admin',27,'2025-12-10 11:43:53'),(52,'admin',24,'2025-12-10 11:43:53'),(53,'admin',23,'2025-12-10 11:43:53'),(54,'admin',26,'2025-12-10 11:43:53'),(55,'admin',25,'2025-12-10 11:43:53'),(56,'admin',3,'2025-12-10 11:43:53'),(57,'admin',5,'2025-12-10 11:43:53'),(58,'admin',4,'2025-12-10 11:43:53'),(59,'admin',2,'2025-12-10 11:43:53'),(63,'manager',16,'2025-12-10 11:43:53'),(64,'manager',17,'2025-12-10 11:43:53'),(65,'manager',15,'2025-12-10 11:43:53'),(66,'manager',1,'2025-12-10 11:43:53'),(67,'manager',13,'2025-12-10 11:43:53'),(68,'manager',12,'2025-12-10 11:43:53'),(69,'manager',11,'2025-12-10 11:43:53'),(70,'manager',7,'2025-12-10 11:43:53'),(71,'manager',8,'2025-12-10 11:43:53'),(72,'manager',10,'2025-12-10 11:43:53'),(73,'manager',6,'2025-12-10 11:43:53'),(74,'manager',21,'2025-12-10 11:43:53'),(75,'manager',19,'2025-12-10 11:43:53'),(76,'manager',24,'2025-12-10 11:43:53'),(77,'manager',23,'2025-12-10 11:43:53'),(78,'user',15,'2025-12-10 11:43:53'),(79,'user',1,'2025-12-10 11:43:53'),(80,'user',13,'2025-12-10 11:43:53'),(81,'user',11,'2025-12-10 11:43:53'),(82,'user',6,'2025-12-10 11:43:53'),(83,'user',20,'2025-12-10 11:43:53'),(84,'user',19,'2025-12-10 11:43:53');
/*!40000 ALTER TABLE `role_permissions` ENABLE KEYS */;
UNLOCK TABLES;

--
-- Table structure for table `users`
--

DROP TABLE IF EXISTS `users`;
/*!40101 SET @saved_cs_client     = @@character_set_client */;
/*!50503 SET character_set_client = utf8mb4 */;
CREATE TABLE `users` (
  `id` int NOT NULL AUTO_INCREMENT,
  `username` varchar(50) COLLATE utf8mb4_unicode_ci NOT NULL,
  `email` varchar(100) COLLATE utf8mb4_unicode_ci NOT NULL,
  `password` varchar(255) COLLATE utf8mb4_unicode_ci NOT NULL,
  `full_name` varchar(100) COLLATE utf8mb4_unicode_ci NOT NULL,
  `role` enum('super_admin','admin','manager','user') COLLATE utf8mb4_unicode_ci DEFAULT 'user',
  `is_active` tinyint(1) DEFAULT '1',
  `last_login` timestamp NULL DEFAULT NULL,
  `created_at` timestamp NULL DEFAULT CURRENT_TIMESTAMP,
  `updated_at` timestamp NULL DEFAULT CURRENT_TIMESTAMP ON UPDATE CURRENT_TIMESTAMP,
  PRIMARY KEY (`id`),
  UNIQUE KEY `username` (`username`),
  UNIQUE KEY `email` (`email`),
  KEY `idx_username` (`username`),
  KEY `idx_email` (`email`),
  KEY `idx_role` (`role`)
) ENGINE=InnoDB AUTO_INCREMENT=9 DEFAULT CHARSET=utf8mb4 COLLATE=utf8mb4_unicode_ci;
/*!40101 SET character_set_client = @saved_cs_client */;

--
-- Dumping data for table `users`
--

LOCK TABLES `users` WRITE;
/*!40000 ALTER TABLE `users` DISABLE KEYS */;
INSERT INTO `users` VALUES (1,'superadmin','superadmin@company.com','$2a$12$ONjRPPp99HjJ6ZrsNiAaP.3vkAcC0OVxOY/4k8iIgIRgJIRcGjaua','Super Administrator','super_admin',1,'2025-12-10 18:14:18','2025-12-10 11:43:53','2025-12-10 18:14:18'),(2,'admin','admin@company.com','$2a$12$ONjRPPp99HjJ6ZrsNiAaP.3vkAcC0OVxOY/4k8iIgIRgJIRcGjaua','Admin User','admin',1,'2025-12-10 11:43:53','2025-12-10 11:43:53','2025-12-10 11:45:50'),(3,'manager1','manager1@company.com','$2a$12$ONjRPPp99HjJ6ZrsNiAaP.3vkAcC0OVxOY/4k8iIgIRgJIRcGjaua','Manager IT','manager',1,'2025-12-10 11:43:53','2025-12-10 11:43:53','2025-12-10 11:45:50'),(4,'manager2','manager2@company.com','$2a$12$ONjRPPp99HjJ6ZrsNiAaP.3vkAcC0OVxOY/4k8iIgIRgJIRcGjaua','Manager HR','manager',1,'2025-12-10 11:43:53','2025-12-10 11:43:53','2025-12-10 11:45:50'),(5,'user1','user1@company.com','$2a$12$ONjRPPp99HjJ6ZrsNiAaP.3vkAcC0OVxOY/4k8iIgIRgJIRcGjaua','Regular User 1','user',1,NULL,'2025-12-10 11:43:53','2025-12-10 11:45:50'),(6,'user2','user2@company.com','$2a$12$ONjRPPp99HjJ6ZrsNiAaP.3vkAcC0OVxOY/4k8iIgIRgJIRcGjaua','Regular User 2','user',1,NULL,'2025-12-10 11:43:53','2025-12-10 11:45:50');
/*!40000 ALTER TABLE `users` ENABLE KEYS */;
UNLOCK TABLES;

--
-- Temporary view structure for view `v_attendance_summary`
--

DROP TABLE IF EXISTS `v_attendance_summary`;
/*!50001 DROP VIEW IF EXISTS `v_attendance_summary`*/;
SET @saved_cs_client     = @@character_set_client;
/*!50503 SET character_set_client = utf8mb4 */;
/*!50001 CREATE VIEW `v_attendance_summary` AS SELECT 
 1 AS `employee_id`,
 1 AS `full_name`,
 1 AS `department`,
 1 AS `present_days`,
 1 AS `late_days`,
 1 AS `absent_days`,
 1 AS `leave_days`*/;
SET character_set_client = @saved_cs_client;

--
-- Temporary view structure for view `v_employee_statistics`
--

DROP TABLE IF EXISTS `v_employee_statistics`;
/*!50001 DROP VIEW IF EXISTS `v_employee_statistics`*/;
SET @saved_cs_client     = @@character_set_client;
/*!50503 SET character_set_client = utf8mb4 */;
/*!50001 CREATE VIEW `v_employee_statistics` AS SELECT 
 1 AS `department`,
 1 AS `total_employees`,
 1 AS `active_employees`,
 1 AS `male_count`,
 1 AS `female_count`,
 1 AS `avg_salary`,
 1 AS `min_salary`,
 1 AS `max_salary`*/;
SET character_set_client = @saved_cs_client;

--
-- Temporary view structure for view `v_user_statistics`
--

DROP TABLE IF EXISTS `v_user_statistics`;
/*!50001 DROP VIEW IF EXISTS `v_user_statistics`*/;
SET @saved_cs_client     = @@character_set_client;
/*!50503 SET character_set_client = utf8mb4 */;
/*!50001 CREATE VIEW `v_user_statistics` AS SELECT 
 1 AS `role`,
 1 AS `total_users`,
 1 AS `active_users`,
 1 AS `inactive_users`*/;
SET character_set_client = @saved_cs_client;

--
-- Dumping routines for database 'employee_management'
--
/*!50003 DROP PROCEDURE IF EXISTS `sp_check_permission` */;
/*!50003 SET @saved_cs_client      = @@character_set_client */ ;
/*!50003 SET @saved_cs_results     = @@character_set_results */ ;
/*!50003 SET @saved_col_connection = @@collation_connection */ ;
/*!50003 SET character_set_client  = utf8mb4 */ ;
/*!50003 SET character_set_results = utf8mb4 */ ;
/*!50003 SET collation_connection  = utf8mb4_0900_ai_ci */ ;
/*!50003 SET @saved_sql_mode       = @@sql_mode */ ;
/*!50003 SET sql_mode              = 'ONLY_FULL_GROUP_BY,STRICT_TRANS_TABLES,NO_ZERO_IN_DATE,NO_ZERO_DATE,ERROR_FOR_DIVISION_BY_ZERO,NO_ENGINE_SUBSTITUTION' */ ;
DELIMITER ;;
CREATE DEFINER=`root`@`localhost` PROCEDURE `sp_check_permission`(
    IN user_role VARCHAR(20),
    IN permission_name VARCHAR(100)
)
BEGIN
    SELECT EXISTS(
        SELECT 1 
        FROM role_permissions rp
        INNER JOIN permissions p ON rp.permission_id = p.id
        WHERE rp.role = user_role 
        AND p.name = permission_name
    ) as has_permission;
END ;;
DELIMITER ;
/*!50003 SET sql_mode              = @saved_sql_mode */ ;
/*!50003 SET character_set_client  = @saved_cs_client */ ;
/*!50003 SET character_set_results = @saved_cs_results */ ;
/*!50003 SET collation_connection  = @saved_col_connection */ ;
/*!50003 DROP PROCEDURE IF EXISTS `sp_get_user_menus` */;
/*!50003 SET @saved_cs_client      = @@character_set_client */ ;
/*!50003 SET @saved_cs_results     = @@character_set_results */ ;
/*!50003 SET @saved_col_connection = @@collation_connection */ ;
/*!50003 SET character_set_client  = utf8mb4 */ ;
/*!50003 SET character_set_results = utf8mb4 */ ;
/*!50003 SET collation_connection  = utf8mb4_0900_ai_ci */ ;
/*!50003 SET @saved_sql_mode       = @@sql_mode */ ;
/*!50003 SET sql_mode              = 'ONLY_FULL_GROUP_BY,STRICT_TRANS_TABLES,NO_ZERO_IN_DATE,NO_ZERO_DATE,ERROR_FOR_DIVISION_BY_ZERO,NO_ENGINE_SUBSTITUTION' */ ;
DELIMITER ;;
CREATE DEFINER=`root`@`localhost` PROCEDURE `sp_get_user_menus`(IN user_role VARCHAR(20))
BEGIN
    SELECT 
        m.id,
        m.parent_id,
        m.name,
        m.display_name,
        m.icon,
        m.url,
        m.order_no
    FROM menus m
    INNER JOIN menu_permissions mp ON m.id = mp.menu_id
    WHERE mp.role = user_role
    AND m.is_active = true
    ORDER BY m.parent_id, m.order_no;
END ;;
DELIMITER ;
/*!50003 SET sql_mode              = @saved_sql_mode */ ;
/*!50003 SET character_set_client  = @saved_cs_client */ ;
/*!50003 SET character_set_results = @saved_cs_results */ ;
/*!50003 SET collation_connection  = @saved_col_connection */ ;
/*!50003 DROP PROCEDURE IF EXISTS `sp_get_user_permissions` */;
/*!50003 SET @saved_cs_client      = @@character_set_client */ ;
/*!50003 SET @saved_cs_results     = @@character_set_results */ ;
/*!50003 SET @saved_col_connection = @@collation_connection */ ;
/*!50003 SET character_set_client  = utf8mb4 */ ;
/*!50003 SET character_set_results = utf8mb4 */ ;
/*!50003 SET collation_connection  = utf8mb4_0900_ai_ci */ ;
/*!50003 SET @saved_sql_mode       = @@sql_mode */ ;
/*!50003 SET sql_mode              = 'ONLY_FULL_GROUP_BY,STRICT_TRANS_TABLES,NO_ZERO_IN_DATE,NO_ZERO_DATE,ERROR_FOR_DIVISION_BY_ZERO,NO_ENGINE_SUBSTITUTION' */ ;
DELIMITER ;;
CREATE DEFINER=`root`@`localhost` PROCEDURE `sp_get_user_permissions`(IN user_role VARCHAR(20))
BEGIN
    SELECT 
        p.id,
        p.name,
        p.display_name,
        p.description,
        p.module
    FROM permissions p
    INNER JOIN role_permissions rp ON p.id = rp.permission_id
    WHERE rp.role = user_role
    ORDER BY p.module, p.name;
END ;;
DELIMITER ;
/*!50003 SET sql_mode              = @saved_sql_mode */ ;
/*!50003 SET character_set_client  = @saved_cs_client */ ;
/*!50003 SET character_set_results = @saved_cs_results */ ;
/*!50003 SET collation_connection  = @saved_col_connection */ ;

--
-- Final view structure for view `v_attendance_summary`
--

/*!50001 DROP VIEW IF EXISTS `v_attendance_summary`*/;
/*!50001 SET @saved_cs_client          = @@character_set_client */;
/*!50001 SET @saved_cs_results         = @@character_set_results */;
/*!50001 SET @saved_col_connection     = @@collation_connection */;
/*!50001 SET character_set_client      = utf8mb4 */;
/*!50001 SET character_set_results     = utf8mb4 */;
/*!50001 SET collation_connection      = utf8mb4_0900_ai_ci */;
/*!50001 CREATE ALGORITHM=UNDEFINED */
/*!50013 DEFINER=`root`@`localhost` SQL SECURITY DEFINER */
/*!50001 VIEW `v_attendance_summary` AS select `e`.`id` AS `employee_id`,`e`.`full_name` AS `full_name`,`e`.`department` AS `department`,count((case when (`a`.`status` = 'Present') then 1 end)) AS `present_days`,count((case when (`a`.`status` = 'Late') then 1 end)) AS `late_days`,count((case when (`a`.`status` = 'Absent') then 1 end)) AS `absent_days`,count((case when (`a`.`status` = 'Leave') then 1 end)) AS `leave_days` from (`employees` `e` left join `employee_attendance` `a` on((`e`.`id` = `a`.`employee_id`))) where (`e`.`status` = 'Active') group by `e`.`id`,`e`.`full_name`,`e`.`department` */;
/*!50001 SET character_set_client      = @saved_cs_client */;
/*!50001 SET character_set_results     = @saved_cs_results */;
/*!50001 SET collation_connection      = @saved_col_connection */;

--
-- Final view structure for view `v_employee_statistics`
--

/*!50001 DROP VIEW IF EXISTS `v_employee_statistics`*/;
/*!50001 SET @saved_cs_client          = @@character_set_client */;
/*!50001 SET @saved_cs_results         = @@character_set_results */;
/*!50001 SET @saved_col_connection     = @@collation_connection */;
/*!50001 SET character_set_client      = utf8mb4 */;
/*!50001 SET character_set_results     = utf8mb4 */;
/*!50001 SET collation_connection      = utf8mb4_0900_ai_ci */;
/*!50001 CREATE ALGORITHM=UNDEFINED */
/*!50013 DEFINER=`root`@`localhost` SQL SECURITY DEFINER */
/*!50001 VIEW `v_employee_statistics` AS select `employees`.`department` AS `department`,count(0) AS `total_employees`,sum((case when (`employees`.`status` = 'Active') then 1 else 0 end)) AS `active_employees`,sum((case when (`employees`.`gender` = 'Male') then 1 else 0 end)) AS `male_count`,sum((case when (`employees`.`gender` = 'Female') then 1 else 0 end)) AS `female_count`,avg(`employees`.`salary`) AS `avg_salary`,min(`employees`.`salary`) AS `min_salary`,max(`employees`.`salary`) AS `max_salary` from `employees` group by `employees`.`department` */;
/*!50001 SET character_set_client      = @saved_cs_client */;
/*!50001 SET character_set_results     = @saved_cs_results */;
/*!50001 SET collation_connection      = @saved_col_connection */;

--
-- Final view structure for view `v_user_statistics`
--

/*!50001 DROP VIEW IF EXISTS `v_user_statistics`*/;
/*!50001 SET @saved_cs_client          = @@character_set_client */;
/*!50001 SET @saved_cs_results         = @@character_set_results */;
/*!50001 SET @saved_col_connection     = @@collation_connection */;
/*!50001 SET character_set_client      = utf8mb4 */;
/*!50001 SET character_set_results     = utf8mb4 */;
/*!50001 SET collation_connection      = utf8mb4_0900_ai_ci */;
/*!50001 CREATE ALGORITHM=UNDEFINED */
/*!50013 DEFINER=`root`@`localhost` SQL SECURITY DEFINER */
/*!50001 VIEW `v_user_statistics` AS select `users`.`role` AS `role`,count(0) AS `total_users`,sum((case when (`users`.`is_active` = 1) then 1 else 0 end)) AS `active_users`,sum((case when (`users`.`is_active` = 0) then 1 else 0 end)) AS `inactive_users` from `users` group by `users`.`role` */;
/*!50001 SET character_set_client      = @saved_cs_client */;
/*!50001 SET character_set_results     = @saved_cs_results */;
/*!50001 SET collation_connection      = @saved_col_connection */;
/*!40103 SET TIME_ZONE=@OLD_TIME_ZONE */;

/*!40101 SET SQL_MODE=@OLD_SQL_MODE */;
/*!40014 SET FOREIGN_KEY_CHECKS=@OLD_FOREIGN_KEY_CHECKS */;
/*!40014 SET UNIQUE_CHECKS=@OLD_UNIQUE_CHECKS */;
/*!40101 SET CHARACTER_SET_CLIENT=@OLD_CHARACTER_SET_CLIENT */;
/*!40101 SET CHARACTER_SET_RESULTS=@OLD_CHARACTER_SET_RESULTS */;
/*!40101 SET COLLATION_CONNECTION=@OLD_COLLATION_CONNECTION */;
/*!40111 SET SQL_NOTES=@OLD_SQL_NOTES */;

-- Dump completed on 2025-12-11  4:31:20
